date,symbol,transition,prior_regime,new_regime,detector,event,fwd_5,fwd_10,fwd_20
2024-12-05,FNB,MARKUP->DISTRIBUTION,MARKUP,DISTRIBUTION,transition,MARKUP->DISTRIBUTION,-0.035066505441354145,-0.12938331318016927,-0.10701330108827078
2024-07-16,FNCL,ACCUMULATION->MARKUP,ACCUMULATION,MARKUP,transition,ACCUMULATION->MARKUP,-0.00551500405514993,0.007299270072992803,-0.029521492295214946
2024-08-01,FNCL,MARKUP->DISTRIBUTION,MARKUP,DISTRIBUTION,transition,MARKUP->DISTRIBUTION,-0.02609123728257301,0.00475877912701006,0.045782737118477135
2025-03-03,FND,MARKUP->DISTRIBUTION,MARKUP,DISTRIBUTION,transition,MARKUP->DISTRIBUTION,0.009125475285171047,-0.06757197175448126,-0.12580119500271592
2025-10-30,FND,DISTRIBUTION->MARKDOWN,DISTRIBUTION,MARKDOWN,transition,DISTRIBUTION->MARKDOWN,-0.09460083064143987,-0.05814490078449486,-0.02138132594985398
2024-11-29,FNDA,MARKUP->DISTRIBUTION,MARKUP,DISTRIBUTION,transition,MARKUP->DISTRIBUTION,-0.010862818125387919,-0.03165735567970207,-0.08193668528864062
2025-02-21,FNDA,DISTRIBUTION->MARKDOWN,DISTRIBUTION,MARKDOWN,transition,DISTRIBUTION->MARKDOWN,-0.005804028678729867,-0.03994537384772956,-0.055308979173779416
2024-10-10,FNDX,MARKUP->DISTRIBUTION,MARKUP,DISTRIBUTION,transition,MARKUP->DISTRIBUTION,-0.6610738255033557,-0.6654082774049217,-0.6557606263982103
2025-03-10,FNOV,MARKUP->DISTRIBUTION,MARKUP,DISTRIBUTION,transition,MARKUP->DISTRIBUTION,0.008592910848550073,0.021505907626208298,-0.06832867883995697
2025-02-12,FNWB,MARKUP->DISTRIBUTION,MARKUP,DISTRIBUTION,transition,MARKUP->DISTRIBUTION,-0.027728085867620766,-0.033094812164579546,-0.09033989266547404
2025-03-03,FNY,MARKUP->DISTRIBUTION,MARKUP,DISTRIBUTION,transition,MARKUP->DISTRIBUTION,-0.06239590006406137,-0.03523382447149259,-0.04061499039077521
2024-11-11,FOA,MARKDOWN->ACCUMULATION,MARKDOWN,ACCUMULATION,transition,MARKDOWN->ACCUMULATION,0.30310262529832954,-0.056801909307875764,0.05011933174224348
2024-11-13,FOCT,MARKUP->DISTRIBUTION,MARKUP,DISTRIBUTION,transition,MARKUP->DISTRIBUTION,-0.0061678110089608,0.0031420924007912188,0.008960782031886438
2024-04-19,FONR,MARKUP->DISTRIBUTION,MARKUP,DISTRIBUTION,transition,MARKUP->DISTRIBUTION,-0.032123735871504966,-0.02974419988102317,-0.09339678762641279
2025-01-21,FOR,DISTRIBUTION->MARKDOWN,DISTRIBUTION,MARKDOWN,transition,DISTRIBUTION->MARKDOWN,-0.011124845488257096,-0.04779563246806762,-0.04655953852492789
2025-10-13,FORA,MARKUP->DISTRIBUTION,MARKUP,DISTRIBUTION,transition,MARKUP->DISTRIBUTION,-0.12048192771084343,-0.06425702811244982,-0.12048192771084343
2025-06-24,FORR,MARKDOWN->ACCUMULATION,MARKDOWN,ACCUMULATION,transition,MARKDOWN->ACCUMULATION,0.06314699792960665,0.053830227743271175,0.16252587991718426
2025-03-24,FORTY,MARKDOWN->ACCUMULATION,MARKDOWN,ACCUMULATION,transition,MARKDOWN->ACCUMULATION,-0.015209963628347922,-0.040449685881185915,-0.04111098864763585
2024-05-14,FOSL,MARKDOWN->ACCUMULATION,MARKDOWN,ACCUMULATION,transition,MARKDOWN->ACCUMULATION,0.15573770491803285,0.032786885245901676,0.11475409836065587
2024-12-02,FOUR,MARKUP->DISTRIBUTION,MARKUP,DISTRIBUTION,transition,MARKUP->DISTRIBUTION,-0.08736141906873607,-0.07991130820399117,-0.07955654101995568
2025-08-08,FOXF,MARKDOWN->ACCUMULATION,MARKDOWN,ACCUMULATION,transition,MARKDOWN->ACCUMULATION,0.05486284289276799,0.08122550765942282,0.05415033843961514
2025-03-06,FPAG,MARKUP->DISTRIBUTION,MARKUP,DISTRIBUTION,transition,MARKUP->DISTRIBUTION,-0.04955527318932651,-0.02541296060991105,-0.0813214739517153
2025-05-20,FPE,MARKUP->DISTRIBUTION,MARKUP,DISTRIBUTION,transition,MARKUP->DISTRIBUTION,-0.00568828213879391,0.0011376564277589818,0.007963594994311762
2024-08-05,FPEI,MARKDOWN->ACCUMULATION,MARKDOWN,ACCUMULATION,transition,MARKDOWN->ACCUMULATION,0.007076755579749516,0.01741970604246057,0.02123026673924877
2024-10-25,FRAF,MARKDOWN->ACCUMULATION,MARKDOWN,ACCUMULATION,transition,MARKDOWN->ACCUMULATION,0.07867017774851881,0.07801184990125076,0.10566161948650432
2025-09-12,FRBA,MARKUP->DISTRIBUTION,MARKUP,DISTRIBUTION,transition,MARKUP->DISTRIBUTION,0.003010234798314304,-0.00903070439494269,-0.08669476219145089
2024-12-09,FRGT,MARKDOWN->ACCUMULATION,MARKDOWN,ACCUMULATION,transition,MARKDOWN->ACCUMULATION,-0.029761904761904767,0.20833333333333326,-0.05357142857142849
2024-06-07,FRO,MARKUP->DISTRIBUTION,MARKUP,DISTRIBUTION,transition,MARKUP->DISTRIBUTION,-0.08419047619047626,-0.008000000000000007,-0.10476190476190472
2025-08-25,FRPT,MARKUP->DISTRIBUTION,MARKUP,DISTRIBUTION,transition,MARKUP->DISTRIBUTION,-0.02860188310534728,0.013146207141588206,-0.12506661929294727
2024-11-04,FRSH,MARKDOWN->ACCUMULATION,MARKDOWN,ACCUMULATION,transition,MARKDOWN->ACCUMULATION,0.3499591169255929,0.22730989370400656,0.3066230580539657
2025-05-13,FRSX,DISTRIBUTION->MARKDOWN,DISTRIBUTION,MARKDOWN,transition,DISTRIBUTION->MARKDOWN,0.012837837837837984,-0.06402027027027013,-0.09493243243243232
2024-11-13,FSCC,MARKUP->DISTRIBUTION,MARKUP,DISTRIBUTION,transition,MARKUP->DISTRIBUTION,-0.023433242506812002,0.021387829246140022,0.0038074477747502833
2025-01-07,FSCS,MARKUP->DISTRIBUTION,MARKUP,DISTRIBUTION,transition,MARKUP->DISTRIBUTION,0.019974431818181815,0.0342159090909091,0.03372159090909088
2024-08-02,FSEP,MARKDOWN->ACCUMULATION,MARKDOWN,ACCUMULATION,transition,MARKDOWN->ACCUMULATION,0.004011969309697827,0.018034341722414027,0.02239767411418625
2024-06-03,FSLR,MARKUP->DISTRIBUTION,MARKUP,DISTRIBUTION,transition,MARKUP->DISTRIBUTION,0.02596069228512765,-0.041764447051921505,-0.20530214139043723
2024-04-03,FSM,MARKDOWN->ACCUMULATION,MARKDOWN,ACCUMULATION,transition,MARKDOWN->ACCUMULATION,0.037199124726476906,0.0,0.026258205689277947
2025-10-01,FSMB,MARKUP->DISTRIBUTION,MARKUP,DISTRIBUTION,transition,MARKUP->DISTRIBUTION,0.0009960159362552012,-0.0004980079681273786,-0.001743027888446047
2024-04-11,FSP,MARKUP->DISTRIBUTION,MARKUP,DISTRIBUTION,transition,MARKUP->DISTRIBUTION,-0.11004784688995206,-0.04306220095693769,-0.07655502392344493
2024-11-25,FSTR,MARKUP->DISTRIBUTION,MARKUP,DISTRIBUTION,transition,MARKUP->DISTRIBUTION,0.04137199434229122,0.012022630834511938,-0.03359264497878367
2025-09-18,FSV,MARKUP->DISTRIBUTION,MARKUP,DISTRIBUTION,transition,MARKUP->DISTRIBUTION,-0.051488095238095166,-0.06889880952380945,-0.09246031746031735
2025-08-13,FTAG,MARKUP->DISTRIBUTION,MARKUP,DISTRIBUTION,transition,MARKUP->DISTRIBUTION,0.00806602888763841,0.012755580566497837,0.0033164509472893844
2024-12-05,FTAI,MARKUP->DISTRIBUTION,MARKUP,DISTRIBUTION,transition,MARKUP->DISTRIBUTION,-0.14695295232080818,-0.17183454373223872,-0.0024628986422481347
2025-10-24,FTBD,MARKUP->DISTRIBUTION,MARKUP,DISTRIBUTION,transition,MARKUP->DISTRIBUTION,-0.009377836438800413,-0.00920343880426655,-0.009776176490406296
2025-04-04,FTGC,MARKDOWN->ACCUMULATION,MARKDOWN,ACCUMULATION,transition,MARKDOWN->ACCUMULATION,0.007939824488090386,0.018804847471792785,0.011700793982448943
2024-04-15,FTHM,MARKUP->DISTRIBUTION,MARKUP,DISTRIBUTION,transition,MARKUP->DISTRIBUTION,-0.025974025974025983,0.012987012987013102,-0.0844155844155845
2025-03-13,FTHM,DISTRIBUTION->MARKDOWN,DISTRIBUTION,MARKDOWN,transition,DISTRIBUTION->MARKDOWN,0.16235470566179222,0.2040994875640545,-0.09748781402324713
2025-05-13,FTHM,MARKDOWN->ACCUMULATION,MARKDOWN,ACCUMULATION,transition,MARKDOWN->ACCUMULATION,0.2630480167014615,0.21085594989561574,0.3465553235908143
2025-10-02,FTI,MARKUP->DISTRIBUTION,MARKUP,DISTRIBUTION,transition,MARKUP->DISTRIBUTION,-0.0395627277459657,-0.07079646017699115,0.0877147319104632
2024-06-12,FTIF,MARKUP->DISTRIBUTION,MARKUP,DISTRIBUTION,transition,MARKUP->DISTRIBUTION,-0.007906209960600097,-0.009454217884301563,0.005177518027295713
2024-11-05,FTK,MARKDOWN->ACCUMULATION,MARKDOWN,ACCUMULATION,transition,MARKDOWN->ACCUMULATION,0.21138211382113825,0.33983739837398375,0.4373983739837397
2024-05-23,FTLF,MARKDOWN->ACCUMULATION,MARKDOWN,ACCUMULATION,transition,MARKDOWN->ACCUMULATION,0.04210526315789487,-0.05161290322580647,0.11341256366723251
2025-01-24,FTLS,MARKUP->DISTRIBUTION,MARKUP,DISTRIBUTION,transition,MARKUP->DISTRIBUTION,-0.007051564565887958,-0.008226825326869247,-0.025708829146466883
2024-10-03,FTS,MARKUP->DISTRIBUTION,MARKUP,DISTRIBUTION,transition,MARKUP->DISTRIBUTION,-0.039634825205967394,-0.0033400133600534065,-0.03740814963259853
2025-07-01,FTXG,MARKDOWN->ACCUMULATION,MARKDOWN,ACCUMULATION,transition,MARKDOWN->ACCUMULATION,-0.017660044150110354,-0.021805739514348832,-0.007143487858719655
2024-04-11,FTXN,ACCUMULATION->MARKUP,ACCUMULATION,MARKUP,transition,ACCUMULATION->MARKUP,-0.04496402877697847,-0.019751199040767498,-0.049292565947242184
2024-11-25,FUBO,MARKDOWN->ACCUMULATION,MARKDOWN,ACCUMULATION,transition,MARKDOWN->ACCUMULATION,0.08333333333333326,0.1217948717948718,-0.1282051282051282
2025-01-06,FUBO,ACCUMULATION->MARKUP,ACCUMULATION,MARKUP,transition,ACCUMULATION->MARKUP,-0.24703557312252955,-0.28458498023715406,-0.11857707509881421
2024-10-21,FULTP,ACCUMULATION->MARKUP,ACCUMULATION,MARKUP,transition,ACCUMULATION->MARKUP,-0.027730889799855274,-0.03303592958765367,-0.028213166144200663
2025-10-14,FUN,DISTRIBUTION->MARKDOWN,DISTRIBUTION,MARKDOWN,transition,DISTRIBUTION->MARKDOWN,0.19934487599438455,0.21525503041647154,-0.2774918109499299
2024-05-10,FUSB,MARKDOWN->ACCUMULATION,MARKDOWN,ACCUMULATION,transition,MARKDOWN->ACCUMULATION,-0.09180992554477763,-0.11817380158001445,-0.07999163628760275
2025-01-17,FUSI,MARKUP->DISTRIBUTION,MARKUP,DISTRIBUTION,transition,MARKUP->DISTRIBUTION,0.0023680315737544255,-0.0010853478046374265,0.0006906758756783926
2025-04-23,FUSI,DISTRIBUTION->MARKDOWN,DISTRIBUTION,MARKDOWN,transition,DISTRIBUTION->MARKDOWN,0.006563113985583735,0.0026813814190418395,0.005667329547151212
2025-11-03,FUSI,MARKDOWN->ACCUMULATION,MARKDOWN,ACCUMULATION,transition,MARKDOWN->ACCUMULATION,-0.0018800712448050483,-0.0015832178903620875,-0.0028695824262814362
2024-05-02,FUTU,MARKDOWN->ACCUMULATION,MARKDOWN,ACCUMULATION,transition,MARKDOWN->ACCUMULATION,-0.025380002789011202,0.08464649281829595,0.04783154371775211
2024-05-07,FUTY,MARKDOWN->ACCUMULATION,MARKDOWN,ACCUMULATION,transition,MARKDOWN->ACCUMULATION,0.026942774437764383,0.04653751948341145,0.025829436651080062
2025-03-04,FV,MARKDOWN->ACCUMULATION,MARKDOWN,ACCUMULATION,transition,MARKDOWN->ACCUMULATION,-0.04415357766143091,-0.03141361256544495,-0.03769633507853398
2025-07-01,FVD,MARKUP->DISTRIBUTION,MARKUP,DISTRIBUTION,transition,MARKUP->DISTRIBUTION,0.0,-0.005740781629498759,-0.0022079929344226423
2024-10-28,FVRR,MARKDOWN->ACCUMULATION,MARKDOWN,ACCUMULATION,transition,MARKDOWN->ACCUMULATION,0.14471544715447138,0.21910569105691047,0.34918699186991864
2025-02-21,FWONA,MARKUP->DISTRIBUTION,MARKUP,DISTRIBUTION,transition,MARKUP->DISTRIBUTION,-0.012301895156821452,-0.0881081680150726,-0.1280062063615205
2024-11-25,FWONK,MARKDOWN->ACCUMULATION,MARKDOWN,ACCUMULATION,transition,MARKDOWN->ACCUMULATION,0.006940493799066916,0.0293548754124473,0.0804414609170554
2025-02-06,FWONK,ACCUMULATION->MARKUP,ACCUMULATION,MARKUP,transition,ACCUMULATION->MARKUP,0.02148925537231383,-0.0320839580209894,-0.10784607696151916
2025-02-14,FWONK,MARKUP->DISTRIBUTION,MARKUP,DISTRIBUTION,transition,MARKUP->DISTRIBUTION,-0.015228426395939132,-0.04913705583756345,-0.11005076142131986
2024-10-07,FWRD,ACCUMULATION->MARKUP,ACCUMULATION,MARKUP,transition,ACCUMULATION->MARKUP,-0.05391766268260301,0.04701195219123511,-0.10411686586985391
2024-04-12,FWRG,MARKUP->DISTRIBUTION,MARKUP,DISTRIBUTION,transition,MARKUP->DISTRIBUTION,-0.011962782454585708,0.04785112981834283,-0.07221976074435088
2025-07-22,FXP,MARKUP->DISTRIBUTION,MARKUP,DISTRIBUTION,transition,MARKUP->DISTRIBUTION,0.024317460317460515,0.056423280423280486,0.024338624338624326
2025-08-01,FXU,MARKDOWN->ACCUMULATION,MARKDOWN,ACCUMULATION,transition,MARKDOWN->ACCUMULATION,0.001790109644215887,-0.004027746699485357,-0.009621839337659477
2025-10-14,FYX,ACCUMULATION->MARKUP,ACCUMULATION,MARKUP,transition,ACCUMULATION->MARKUP,0.013515650349842145,0.01736368497301366,0.004630437862467085
2024-09-20,G,MARKDOWN->ACCUMULATION,MARKDOWN,ACCUMULATION,transition,MARKDOWN->ACCUMULATION,0.0018097207859359976,0.024301964839710477,0.006980351602895674
2024-11-08,G,ACCUMULATION->MARKUP,ACCUMULATION,MARKUP,transition,ACCUMULATION->MARKUP,-0.02503265128428378,0.005441880713974667,-0.02416195037004787
2025-06-11,GAEM,MARKUP->DISTRIBUTION,MARKUP,DISTRIBUTION,transition,MARKUP->DISTRIBUTION,-0.00039649837513411335,-0.007782252421750013,-0.0023401178610856777
2024-04-02,GAIA,MARKDOWN->ACCUMULATION,MARKDOWN,ACCUMULATION,transition,MARKDOWN->ACCUMULATION,0.07471264367816088,-0.008620689655172376,0.10057471264367823
2025-08-06,GAINN,MARKUP->DISTRIBUTION,MARKUP,DISTRIBUTION,transition,MARKUP->DISTRIBUTION,-0.0030246211295353875,-0.012142089803102163,-0.005006679536832426
2024-07-02,GAME,MARKDOWN->ACCUMULATION,MARKDOWN,ACCUMULATION,transition,MARKDOWN->ACCUMULATION,0.030769230769230882,-0.05384615384615388,-0.14615384615384608
2024-12-18,GAMR,MARKUP->DISTRIBUTION,MARKUP,DISTRIBUTION,transition,MARKUP->DISTRIBUTION,0.007029375643708757,-0.0028255627854463228,-0.0016980401223910535
2024-04-22,GAPR,MARKDOWN->ACCUMULATION,MARKDOWN,ACCUMULATION,transition,MARKDOWN->ACCUMULATION,0.011761246692149285,0.01822993237283166,0.03234342840341076
2025-03-26,GAPR,MARKUP->DISTRIBUTION,MARKUP,DISTRIBUTION,transition,MARKUP->DISTRIBUTION,-0.0015860428231561086,-0.027491408934707917,-0.03991541104943164
2024-05-20,GATX,MARKDOWN->ACCUMULATION,MARKDOWN,ACCUMULATION,transition,MARKDOWN->ACCUMULATION,-0.02833309362864944,-0.04221199482237881,-0.040845678124550644
2025-04-03,GAUG,MARKUP->DISTRIBUTION,MARKUP,DISTRIBUTION,transition,MARKUP->DISTRIBUTION,-0.015843621399176944,-0.013503821281599104,0.0307231040564373
2025-03-11,GAUZ,MARKDOWN->ACCUMULATION,MARKDOWN,ACCUMULATION,transition,MARKDOWN->ACCUMULATION,-0.10338345864661669,-0.11184210526315796,-0.2706766917293234
2024-10-28,GBCI,ACCUMULATION->MARKUP,ACCUMULATION,MARKUP,transition,ACCUMULATION->MARKUP,-0.021137586471944636,0.11971560338201392,0.1316295157571099
2024-12-16,GBCI,MARKUP->DISTRIBUTION,MARKUP,DISTRIBUTION,transition,MARKUP->DISTRIBUTION,-0.07095588235294115,-0.0768382352941176,-0.07702205882352942
2025-06-30,GBDC,MARKDOWN->ACCUMULATION,MARKDOWN,ACCUMULATION,transition,MARKDOWN->ACCUMULATION,0.013651877133105783,0.034812286689419825,0.027303754266211566
2025-07-09,GBLD,MARKUP->DISTRIBUTION,MARKUP,DISTRIBUTION,transition,MARKUP->DISTRIBUTION,-0.0008121014554915984,0.02484916073317911,0.021537845643533338
2024-05-29,GBLI,MARKUP->DISTRIBUTION,MARKUP,DISTRIBUTION,transition,MARKUP->DISTRIBUTION,0.003278688524590123,0.01570491803278684,0.019199999999999884
2024-04-02,GBR,MARKDOWN->ACCUMULATION,MARKDOWN,ACCUMULATION,transition,MARKDOWN->ACCUMULATION,0.01785714285714257,0.008928571428571175,0.0714285714285714
2024-04-30,GBTG,MARKDOWN->ACCUMULATION,MARKDOWN,ACCUMULATION,transition,MARKDOWN->ACCUMULATION,-0.014876033057851235,-0.006611570247933907,-0.016528925619834656
2025-02-18,GBX,MARKUP->DISTRIBUTION,MARKUP,DISTRIBUTION,transition,MARKUP->DISTRIBUTION,-0.04139358399448079,-0.07450845119006555,-0.07123145912383577
2025-10-14,GBXA,MARKUP->DISTRIBUTION,MARKUP,DISTRIBUTION,transition,MARKUP->DISTRIBUTION,0.009645226984091204,0.020109565570259447,0.018974832983895684
2024-11-19,GCMG,MARKDOWN->ACCUMULATION,MARKDOWN,ACCUMULATION,transition,MARKDOWN->ACCUMULATION,0.03233830845771135,0.03233830845771135,-0.027363184079602032
2025-02-10,GCMG,ACCUMULATION->MARKUP,ACCUMULATION,MARKUP,transition,ACCUMULATION->MARKUP,0.005685856432125158,-0.00781805259417201,-0.10092395167022028
2025-03-04,GCMG,MARKUP->DISTRIBUTION,MARKUP,DISTRIBUTION,transition,MARKUP->DISTRIBUTION,-0.05314371257485018,-0.007485029940119681,-0.0037425149700598404
2025-02-25,GCO,MARKUP->DISTRIBUTION,MARKUP,DISTRIBUTION,transition,MARKUP->DISTRIBUTION,-0.10114503816793896,-0.4501090512540894,-0.38413304252998914
2025-04-07,GCO,DISTRIBUTION->MARKDOWN,DISTRIBUTION,MARKDOWN,transition,DISTRIBUTION->MARKDOWN,-0.054545454545454564,0.0051948051948051965,0.030649350649350593
2025-06-20,GCO,MARKDOWN->ACCUMULATION,MARKDOWN,ACCUMULATION,transition,MARKDOWN->ACCUMULATION,-0.0703405017921147,-0.031810035842293916,0.049283154121863904
2024-10-29,GCOR,MARKUP->DISTRIBUTION,MARKUP,DISTRIBUTION,transition,MARKUP->DISTRIBUTION,-0.0004867364322220791,-0.006327573618885474,0.0012168410805548646
2024-09-06,GCTS,MARKUP->DISTRIBUTION,MARKUP,DISTRIBUTION,transition,MARKUP->DISTRIBUTION,0.08015267175572527,0.05343511450381677,-0.007633587786259555
2024-05-02,GDDY,MARKDOWN->ACCUMULATION,MARKDOWN,ACCUMULATION,transition,MARKDOWN->ACCUMULATION,0.06112764417276617,0.08590042628488703,0.12305959945306832
2025-02-14,GDDY,MARKUP->DISTRIBUTION,MARKUP,DISTRIBUTION,transition,MARKUP->DISTRIBUTION,-0.044568856688072866,-0.02469948954388279,-0.011361765190186057
2025-10-21,GDEN,MARKDOWN->ACCUMULATION,MARKDOWN,ACCUMULATION,transition,MARKDOWN->ACCUMULATION,-0.009615384615384581,-0.12106643356643354,0.30332167832167833
2024-05-28,GDEV,MARKDOWN->ACCUMULATION,MARKDOWN,ACCUMULATION,transition,MARKDOWN->ACCUMULATION,-0.09090909090909094,0.008658008658008587,0.18614718614718617
2024-09-09,GDEV,ACCUMULATION->MARKUP,ACCUMULATION,MARKUP,transition,ACCUMULATION->MARKUP,-0.05555555555555558,-0.07407407407407407,0.22555555555555573
2024-09-23,GDEV,MARKUP->DISTRIBUTION,MARKUP,DISTRIBUTION,transition,MARKUP->DISTRIBUTION,-0.04257812500000002,0.3593749999999998,0.322265625
2025-05-12,GDOC,MARKDOWN->ACCUMULATION,MARKDOWN,ACCUMULATION,transition,MARKDOWN->ACCUMULATION,-0.0036402048129136055,-0.014788529717797205,0.006145019940479113
2024-05-13,GDOT,MARKDOWN->ACCUMULATION,MARKDOWN,ACCUMULATION,transition,MARKDOWN->ACCUMULATION,0.006091370558375608,0.019289340101522834,0.0030456852791880262
2024-02-28,GDRX,ACCUMULATION->MARKUP,ACCUMULATION,MARKUP,transition,ACCUMULATION->MARKUP,0.17001545595054113,0.10355486862442032,0.08346213292117466
2025-09-11,GDS,MARKUP->DISTRIBUTION,MARKUP,DISTRIBUTION,transition,MARKUP->DISTRIBUTION,0.01298701298701288,0.09272727272727277,-0.002077922077922012
2025-09-12,GDTC,MARKUP->DISTRIBUTION,MARKUP,DISTRIBUTION,transition,MARKUP->DISTRIBUTION,-0.1784140969162996,-0.12334801762114533,-0.09251101321585897
2024-04-03,GDXJ,MARKDOWN->ACCUMULATION,MARKDOWN,ACCUMULATION,transition,MARKDOWN->ACCUMULATION,0.01897810218978102,0.008759124087591275,-0.008029197080291928
2024-05-30,GDYN,MARKUP->DISTRIBUTION,MARKUP,DISTRIBUTION,transition,MARKUP->DISTRIBUTION,-0.004166666666666541,-0.017708333333333326,0.09479166666666661
2025-09-17,GEG,MARKUP->DISTRIBUTION,MARKUP,DISTRIBUTION,transition,MARKUP->DISTRIBUTION,-0.06666666666666665,-0.14385964912280702,-0.11228070175438609
2024-02-29,GEHC,ACCUMULATION->MARKUP,ACCUMULATION,MARKUP,transition,ACCUMULATION->MARKUP,0.015118317265556458,-0.032318141980718695,-0.004053461875547781
2024-04-30,GEHC,MARKUP->DISTRIBUTION,MARKUP,DISTRIBUTION,transition,MARKUP->DISTRIBUTION,0.06807450157397699,0.056138509968520545,0.028987408184680152
2025-04-03,GEHC,DISTRIBUTION->MARKDOWN,DISTRIBUTION,MARKDOWN,transition,DISTRIBUTION->MARKDOWN,-0.135,-0.13375000000000004,-0.02041666666666664
2024-05-10,GEN,MARKDOWN->ACCUMULATION,MARKDOWN,ACCUMULATION,transition,MARKDOWN->ACCUMULATION,0.06692242114237001,0.06095481670929237,0.04347826086956519
2024-05-13,GENC,MARKDOWN->ACCUMULATION,MARKDOWN,ACCUMULATION,transition,MARKDOWN->ACCUMULATION,0.02941176470588247,-0.0177484787018255,-0.014705882352941124
2025-04-03,GENK,MARKUP->DISTRIBUTION,MARKUP,DISTRIBUTION,transition,MARKUP->DISTRIBUTION,-0.11473684210526314,-0.10526315789473684,-0.027368421052631597
2025-03-03,GENT,MARKUP->DISTRIBUTION,MARKUP,DISTRIBUTION,transition,MARKUP->DISTRIBUTION,0.0009748488984209214,-0.0007798791187365595,0.0021446675765257606
2024-11-05,GEO,MARKDOWN->ACCUMULATION,MARKDOWN,ACCUMULATION,transition,MARKDOWN->ACCUMULATION,0.6556510244547256,0.8770654329147387,0.9299405155320555
2025-04-03,GERN,MARKUP->DISTRIBUTION,MARKUP,DISTRIBUTION,transition,MARKUP->DISTRIBUTION,-0.11564625850340127,-0.1360544217687074,-0.061224489795918435
2024-12-17,GETY,MARKUP->DISTRIBUTION,MARKUP,DISTRIBUTION,transition,MARKUP->DISTRIBUTION,-0.12840466926070027,-0.17898832684824906,0.07003891050583655
2024-08-12,GEVO,MARKDOWN->ACCUMULATION,MARKDOWN,ACCUMULATION,transition,MARKDOWN->ACCUMULATION,0.1572058823529412,0.2851470588235294,0.021764705882352908
2024-10-17,GEVO,ACCUMULATION->MARKUP,ACCUMULATION,MARKUP,transition,ACCUMULATION->MARKUP,0.07358490566037745,-0.12075471698113205,-0.4377358490566038
2024-12-27,GEVO,MARKUP->DISTRIBUTION,MARKUP,DISTRIBUTION,transition,MARKUP->DISTRIBUTION,0.29047619047619033,-0.004761904761904856,-0.1523809523809524
2024-08-07,GFAI,MARKUP->DISTRIBUTION,MARKUP,DISTRIBUTION,transition,MARKUP->DISTRIBUTION,-0.03921568627450989,-0.045751633986928164,-0.28104575163398693
2025-03-31,GFGF,MARKDOWN->ACCUMULATION,MARKDOWN,ACCUMULATION,transition,MARKDOWN->ACCUMULATION,-0.08071162273529986,-0.01857544639937203,-0.022172803976715283
2025-06-11,GFR,MARKDOWN->ACCUMULATION,MARKDOWN,ACCUMULATION,transition,MARKDOWN->ACCUMULATION,0.024896265560165887,-0.051867219917012486,-0.09128630705394203
2024-08-01,GFS,MARKUP->DISTRIBUTION,MARKUP,DISTRIBUTION,transition,MARKUP->DISTRIBUTION,-0.07703518634186968,-0.054132833645638145,-0.04184884447220483
2025-04-07,GFS,DISTRIBUTION->MARKDOWN,DISTRIBUTION,MARKDOWN,transition,DISTRIBUTION->MARKDOWN,0.04501707544240907,-0.015523129462899687,0.0838248990996584
2025-08-01,GFS,MARKDOWN->ACCUMULATION,MARKDOWN,ACCUMULATION,transition,MARKDOWN->ACCUMULATION,-0.11727720065609626,-0.09595407326407868,-0.0872061235647894
2024-05-21,GGAL,MARKUP->DISTRIBUTION,MARKUP,DISTRIBUTION,transition,MARKUP->DISTRIBUTION,-0.05555555555555547,-0.08098396904367056,-0.08789386401326704
2024-04-17,GGB,MARKUP->DISTRIBUTION,MARKUP,DISTRIBUTION,transition,MARKUP->DISTRIBUTION,-0.17016317016317017,-0.18181818181818188,-0.10023310023310028
2024-09-24,GGB,MARKDOWN->ACCUMULATION,MARKDOWN,ACCUMULATION,transition,MARKDOWN->ACCUMULATION,0.03857566765578624,0.026706231454005858,-0.06231454005934722
2024-04-24,GGLS,MARKUP->DISTRIBUTION,MARKUP,DISTRIBUTION,transition,MARKUP->DISTRIBUTION,-0.03912466843501328,-0.07029177718832891,-0.10477453580901852
2025-09-11,GGM,MARKUP->DISTRIBUTION,MARKUP,DISTRIBUTION,transition,MARKUP->DISTRIBUTION,-0.006424991102147337,-0.0028361905326848014,0.006677096927274917
2025-09-02,GGME,MARKDOWN->ACCUMULATION,MARKDOWN,ACCUMULATION,transition,MARKDOWN->ACCUMULATION,0.021152554058388784,0.030185559639381854,0.02700804831221637
2025-03-13,GGR,MARKUP->DISTRIBUTION,MARKUP,DISTRIBUTION,transition,MARKUP->DISTRIBUTION,-0.05409622886866061,-0.16462938881664502,-0.45357607282184653
2024-09-27,GGRW,MARKDOWN->ACCUMULATION,MARKDOWN,ACCUMULATION,transition,MARKDOWN->ACCUMULATION,0.010478553704360127,0.02906770648706125,0.026962070187876552
2024-04-16,GHG,MARKUP->DISTRIBUTION,MARKUP,DISTRIBUTION,transition,MARKUP->DISTRIBUTION,0.01802975251936645,0.09686707342153977,0.10029478302598194
2024-05-16,GIC,MARKUP->DISTRIBUTION,MARKUP,DISTRIBUTION,transition,MARKUP->DISTRIBUTION,0.021196283391405446,0.004936120789779341,-0.06707317073170715
2025-06-20,GIFT,MARKDOWN->ACCUMULATION,MARKDOWN,ACCUMULATION,transition,MARKDOWN->ACCUMULATION,0.02684563758389258,-0.15436241610738255,-0.2785234899328859
2025-03-18,GIGB,MARKUP->DISTRIBUTION,MARKUP,DISTRIBUTION,transition,MARKUP->DISTRIBUTION,0.00021901007446345488,0.0008760402978538195,-0.016044678055190498
2024-03-13,GIII,MARKUP->DISTRIBUTION,MARKUP,DISTRIBUTION,transition,MARKUP->DISTRIBUTION,-0.0718760303330036,-0.05044510385756673,-0.07978898780085719
2025-04-04,GIII,MARKDOWN->ACCUMULATION,MARKDOWN,ACCUMULATION,transition,MARKDOWN->ACCUMULATION,-0.03632812499999993,-0.0390625,-0.005859375000000111
2025-04-30,GIL,MARKDOWN->ACCUMULATION,MARKDOWN,ACCUMULATION,transition,MARKDOWN->ACCUMULATION,0.013443191673894184,0.06439722463139641,0.044232437120555135
2025-10-31,GIL,MARKUP->DISTRIBUTION,MARKUP,DISTRIBUTION,transition,MARKUP->DISTRIBUTION,-0.04975124378109452,0.005832904443300757,-0.011837364899639713
2024-11-07,GILD,MARKDOWN->ACCUMULATION,MARKDOWN,ACCUMULATION,transition,MARKDOWN->ACCUMULATION,-0.059141981613891836,-0.08314606741573038,-0.058937691521961266
2024-11-18,GILT,MARKDOWN->ACCUMULATION,MARKDOWN,ACCUMULATION,transition,MARKDOWN->ACCUMULATION,-0.005376344086021501,0.09139784946236551,0.07168458781362008
2025-09-26,GINX,MARKUP->DISTRIBUTION,MARKUP,DISTRIBUTION,transition,MARKUP->DISTRIBUTION,0.011065713312904402,-0.01532175689479054,0.0074906367041198685
2024-11-12,GIPR,MARKUP->DISTRIBUTION,MARKUP,DISTRIBUTION,transition,MARKUP->DISTRIBUTION,-0.08947368421052626,-0.015789473684210464,-0.02631578947368407
2025-07-10,GIPR,MARKDOWN->ACCUMULATION,MARKDOWN,ACCUMULATION,transition,MARKDOWN->ACCUMULATION,-0.03311258278145701,-0.06622516556291391,-0.40549668874172184
2025-04-07,GJUL,MARKDOWN->ACCUMULATION,MARKDOWN,ACCUMULATION,transition,MARKDOWN->ACCUMULATION,0.03769140164899887,0.025379858657243792,0.059985276796231
2024-07-16,GKOS,MARKDOWN->ACCUMULATION,MARKDOWN,ACCUMULATION,transition,MARKDOWN->ACCUMULATION,-0.0032619937942557353,-0.06205744291510862,-0.034290715251810044
2024-08-01,GLBS,MARKUP->DISTRIBUTION,MARKUP,DISTRIBUTION,transition,MARKUP->DISTRIBUTION,-0.10115606936416188,-0.08670520231213863,-0.11849710982658967
2025-10-24,GLCR,MARKUP->DISTRIBUTION,MARKUP,DISTRIBUTION,transition,MARKUP->DISTRIBUTION,-0.046509814985299824,-0.06830398241914881,-0.08346449677783385
2024-11-05,GLDD,MARKDOWN->ACCUMULATION,MARKDOWN,ACCUMULATION,transition,MARKDOWN->ACCUMULATION,0.07924203273040487,0.06029285099052539,0.09474590869939714
2024-11-29,GLE,MARKUP->DISTRIBUTION,MARKUP,DISTRIBUTION,transition,MARKUP->DISTRIBUTION,-0.273463687150838,-0.3128491620111732,-0.517486033519553
2024-12-16,GLNG,MARKUP->DISTRIBUTION,MARKUP,DISTRIBUTION,transition,MARKUP->DISTRIBUTION,-0.019910986179432988,-0.008667135160459027,-0.03420004684937927
2024-12-17,GLPI,MARKUP->DISTRIBUTION,MARKUP,DISTRIBUTION,transition,MARKUP->DISTRIBUTION,-0.019595835884874457,-0.02490304143702793,-0.01918758930393971
2024-05-06,GLRE,MARKDOWN->ACCUMULATION,MARKDOWN,ACCUMULATION,transition,MARKDOWN->ACCUMULATION,0.03338632750397452,0.049284578696343395,0.03338632750397452
2024-10-07,GLTO,MARKUP->DISTRIBUTION,MARKUP,DISTRIBUTION,transition,MARKUP->DISTRIBUTION,-0.1671588895451861,-0.16952155936207913,-0.20496160661547547
2025-09-15,GLUE,MARKUP->DISTRIBUTION,MARKUP,DISTRIBUTION,transition,MARKUP->DISTRIBUTION,-0.057720057720057616,0.0548340548340549,0.5007215007215009
2024-05-31,GM,MARKDOWN->ACCUMULATION,MARKDOWN,ACCUMULATION,transition,MARKDOWN->ACCUMULATION,0.0162258279617693,0.03956434763280736,0.03756390308957536
2025-02-14,GMAB,MARKDOWN->ACCUMULATION,MARKDOWN,ACCUMULATION,transition,MARKDOWN->ACCUMULATION,0.05633802816901401,0.07793427230046945,-0.023474178403755874
2024-05-09,GME,MARKDOWN->ACCUMULATION,MARKDOWN,ACCUMULATION,transition,MARKDOWN->ACCUMULATION,0.5363686840644086,0.01721265963353691,0.5669072737368126
2024-06-03,GME,MARKUP->DISTRIBUTION,MARKUP,DISTRIBUTION,transition,MARKUP->DISTRIBUTION,-0.11321428571428582,-0.09928571428571431,-0.14357142857142857
2024-08-05,GMF,MARKDOWN->ACCUMULATION,MARKDOWN,ACCUMULATION,transition,MARKDOWN->ACCUMULATION,0.04597919032192643,0.0776353775900731,0.053439245710776184
2024-09-30,GMF,ACCUMULATION->MARKUP,ACCUMULATION,MARKUP,transition,ACCUMULATION->MARKUP,0.05937296946068882,0.008122969460688578,-0.008690708252111823
2024-11-08,GMF,MARKUP->DISTRIBUTION,MARKUP,DISTRIBUTION,transition,MARKUP->DISTRIBUTION,-0.04156861127155709,-0.03728690486013697,0.01675055697664818
2024-04-09,GMGI,MARKUP->DISTRIBUTION,MARKUP,DISTRIBUTION,transition,MARKUP->DISTRIBUTION,0.03146853146853168,0.37412587412587417,0.653846153846154
2025-07-15,GNE,MARKUP->DISTRIBUTION,MARKUP,DISTRIBUTION,transition,MARKUP->DISTRIBUTION,-0.03765690376569053,-0.0622966062296606,-0.25615992561599266
2025-02-20,GNK,MARKUP->DISTRIBUTION,MARKUP,DISTRIBUTION,transition,MARKUP->DISTRIBUTION,-0.023793337865397834,-0.030591434398368533,-0.048946295037389564
2024-08-01,GNL,MARKUP->DISTRIBUTION,MARKUP,DISTRIBUTION,transition,MARKUP->DISTRIBUTION,-0.046674445740956916,-0.04900816802800467,-0.001166861143523934
2024-10-02,GNLN,MARKUP->DISTRIBUTION,MARKUP,DISTRIBUTION,transition,MARKUP->DISTRIBUTION,0.02511415525114158,-0.013698630136986245,-0.30593607305936066
2025-02-28,GNOV,MARKDOWN->ACCUMULATION,MARKDOWN,ACCUMULATION,transition,MARKDOWN->ACCUMULATION,-0.01359388275276141,-0.026202209005947386,-0.030603228547153916
2024-09-12,GNPX,MARKUP->DISTRIBUTION,MARKUP,DISTRIBUTION,transition,MARKUP->DISTRIBUTION,-0.09302325581395343,-0.18720930232558142,-0.20976744186046514
2024-07-17,GNR,MARKUP->DISTRIBUTION,MARKUP,DISTRIBUTION,transition,MARKUP->DISTRIBUTION,-0.035185507751262834,-0.011670440689775186,-0.049642919352029136
2024-11-13,GNS,MARKUP->DISTRIBUTION,MARKUP,DISTRIBUTION,transition,MARKUP->DISTRIBUTION,0.0010537407797681642,-0.18756585879873544,-0.25711275026343516
2025-09-17,GNSS,MARKUP->DISTRIBUTION,MARKUP,DISTRIBUTION,transition,MARKUP->DISTRIBUTION,0.02788844621513964,-0.06772908366533859,-0.11553784860557759
2025-01-06,GNTX,MARKUP->DISTRIBUTION,MARKUP,DISTRIBUTION,transition,MARKUP->DISTRIBUTION,-0.03035714285714286,0.0003571428571429447,-0.09642857142857142
2024-07-22,GO,MARKUP->DISTRIBUTION,MARKUP,DISTRIBUTION,transition,MARKUP->DISTRIBUTION,0.024557956777996104,-0.10216110019646363,-0.07858546168958735
2025-10-17,GOAU,MARKUP->DISTRIBUTION,MARKUP,DISTRIBUTION,transition,MARKUP->DISTRIBUTION,-0.06819866567828015,-0.08870768470471946,-0.04620706696318255
2025-10-17,GOEX,MARKUP->DISTRIBUTION,MARKUP,DISTRIBUTION,transition,MARKUP->DISTRIBUTION,-0.08230283044792519,-0.08711184391316296,-0.05427315196482552
2025-02-19,GOLD,MARKUP->DISTRIBUTION,MARKUP,DISTRIBUTION,transition,MARKUP->DISTRIBUTION,-0.01757188498402562,-0.017039403620873306,0.032481363152289555
2025-08-13,GOOG,ACCUMULATION->MARKUP,ACCUMULATION,MARKUP,transition,ACCUMULATION->MARKUP,-0.013988080579224738,0.025513470915628167,0.18593311333300488
2025-08-13,GOOGL,ACCUMULATION->MARKUP,ACCUMULATION,MARKUP,transition,ACCUMULATION->MARKUP,-0.013071895424836666,0.027332144979203665,0.19018617548029315
2024-07-15,GOOP,MARKUP->DISTRIBUTION,MARKUP,DISTRIBUTION,transition,MARKUP->DISTRIBUTION,-0.01827365410916315,-0.0846108417257242,-0.11956981225910723
2024-05-16,GOOS,ACCUMULATION->MARKUP,ACCUMULATION,MARKUP,transition,ACCUMULATION->MARKUP,0.06141015921152393,0.09628506444275975,-0.007581501137225111
2025-02-24,GOOS,MARKUP->DISTRIBUTION,MARKUP,DISTRIBUTION,transition,MARKUP->DISTRIBUTION,-0.163511187607573,-0.19879518072289148,-0.2581755593803787
2024-12-04,GOVI,MARKUP->DISTRIBUTION,MARKUP,DISTRIBUTION,transition,MARKUP->DISTRIBUTION,-0.010630758327427214,-0.0308291991495393,-0.04323175053153783
2024-12-31,GOVT,MARKUP->DISTRIBUTION,MARKUP,DISTRIBUTION,transition,MARKUP->DISTRIBUTION,-0.02632724107919937,-0.022845953002611052,-0.017406440382941812
2024-06-12,GOVX,MARKUP->DISTRIBUTION,MARKUP,DISTRIBUTION,transition,MARKUP->DISTRIBUTION,0.27410004044762015,1.3931508696238368,0.8740730753673991
2024-06-20,GP,MARKUP->DISTRIBUTION,MARKUP,DISTRIBUTION,transition,MARKUP->DISTRIBUTION,-0.03738317757009346,0.04672897196261694,0.04626168224299043
2024-05-23,GPC,MARKUP->DISTRIBUTION,MARKUP,DISTRIBUTION,transition,MARKUP->DISTRIBUTION,-0.010367318915207813,-0.0031582560933746118,-0.02471678681771361
2024-10-22,GPC,DISTRIBUTION->MARKDOWN,DISTRIBUTION,MARKDOWN,transition,DISTRIBUTION->MARKDOWN,0.0368667668641145,0.030854919989390828,0.07205375298382122
2025-07-22,GPC,MARKDOWN->ACCUMULATION,MARKDOWN,ACCUMULATION,transition,MARKDOWN->ACCUMULATION,0.0011251969094592251,-0.005550971419998607,0.040807141249718626
2025-08-13,GPCR,MARKDOWN->ACCUMULATION,MARKDOWN,ACCUMULATION,transition,MARKDOWN->ACCUMULATION,-0.031054279749478053,-0.008350730688935326,0.08977035490605423
2024-05-10,GPMT,MARKUP->DISTRIBUTION,MARKUP,DISTRIBUTION,transition,MARKUP->DISTRIBUTION,-0.06318681318681318,-0.1565934065934067,-0.12912087912087922
2025-04-03,GPN,MARKUP->DISTRIBUTION,MARKUP,DISTRIBUTION,transition,MARKUP->DISTRIBUTION,-0.10475371047537119,-0.2529576252957626,-0.15196816519681666
2025-02-18,GPRF,MARKUP->DISTRIBUTION,MARKUP,DISTRIBUTION,transition,MARKUP->DISTRIBUTION,0.0033464566929133355,-0.00025984251968502736,-0.005511811023621971
2025-04-03,GPRK,MARKUP->DISTRIBUTION,MARKUP,DISTRIBUTION,transition,MARKUP->DISTRIBUTION,-0.17934782608695654,-0.10326086956521752,-0.09375
2024-12-04,GRC,MARKUP->DISTRIBUTION,MARKUP,DISTRIBUTION,transition,MARKUP->DISTRIBUTION,-0.009667531242631422,-0.07828342372082042,-0.11766092902617298
2024-08-06,GREE,MARKUP->DISTRIBUTION,MARKUP,DISTRIBUTION,transition,MARKUP->DISTRIBUTION,-0.07317073170731703,-0.04878048780487798,-0.17126829268292676
2025-06-18,GREEL,MARKUP->DISTRIBUTION,MARKUP,DISTRIBUTION,transition,MARKUP->DISTRIBUTION,-0.04415164123901982,0.029819694868238766,-0.07304669440591771
2024-08-05,GREK,MARKDOWN->ACCUMULATION,MARKDOWN,ACCUMULATION,transition,MARKDOWN->ACCUMULATION,0.04304635761589415,0.0769230769230771,0.0717014773306166
2025-10-27,GRMN,MARKUP->DISTRIBUTION,MARKUP,DISTRIBUTION,transition,MARKUP->DISTRIBUTION,-0.16259645215177787,-0.19366001113674325,-0.23474663908996896
2024-06-25,GRND,MARKDOWN->ACCUMULATION,MARKDOWN,ACCUMULATION,transition,MARKDOWN->ACCUMULATION,0.15902439024390258,0.17170731707317066,0.10536585365853668
2024-07-22,GROV,MARKUP->DISTRIBUTION,MARKUP,DISTRIBUTION,transition,MARKUP->DISTRIBUTION,-0.06000000000000005,-0.09999999999999998,-0.12
2025-06-27,GROW,MARKUP->DISTRIBUTION,MARKUP,DISTRIBUTION,transition,MARKUP->DISTRIBUTION,-0.03937007874015752,-0.051181102362204633,-0.03149606299212604
2025-04-28,GRPN,MARKDOWN->ACCUMULATION,MARKDOWN,ACCUMULATION,transition,MARKDOWN->ACCUMULATION,-0.07292817679558017,0.4386740331491712,0.5701657458563536
2025-09-17,GRRR,MARKUP->DISTRIBUTION,MARKUP,DISTRIBUTION,transition,MARKUP->DISTRIBUTION,-0.0433482810164425,-0.07573492775286494,-0.13403089187842554
2024-09-19,GRVY,MARKUP->DISTRIBUTION,MARKUP,DISTRIBUTION,transition,MARKUP->DISTRIBUTION,0.004831722759080392,-0.010329890036654521,0.12179273575474836
2025-03-03,GSEU,ACCUMULATION->MARKUP,ACCUMULATION,MARKUP,transition,ACCUMULATION->MARKUP,0.012483582754574174,0.03222572514357802,-0.0022278234424016885
2025-07-01,GSEW,ACCUMULATION->MARKUP,ACCUMULATION,MARKUP,transition,ACCUMULATION->MARKUP,0.005708039834831258,-0.00425066796210849,0.009958707796939414
2025-10-15,GSIT,MARKUP->DISTRIBUTION,MARKUP,DISTRIBUTION,transition,MARKUP->DISTRIBUTION,1.4274952919020718,1.184557438794727,0.5743879472693032
2024-11-01,GSIW,MARKUP->DISTRIBUTION,MARKUP,DISTRIBUTION,transition,MARKUP->DISTRIBUTION,-0.11184550242693381,-0.30806568212330887,-0.3638335226685945
2024-06-07,GSM,MARKUP->DISTRIBUTION,MARKUP,DISTRIBUTION,transition,MARKUP->DISTRIBUTION,-0.07253886010362698,-0.10189982728842828,-0.012089810017271163
2025-04-28,GSST,MARKDOWN->ACCUMULATION,MARKDOWN,ACCUMULATION,transition,MARKDOWN->ACCUMULATION,-0.0031689443454150368,-0.0029708853238265,-0.0009902951079422406
2025-04-09,GSY,MARKDOWN->ACCUMULATION,MARKDOWN,ACCUMULATION,transition,MARKDOWN->ACCUMULATION,0.00019960079840308786,-0.00159680638722548,0.0005988023952097077
2024-08-02,GT,MARKUP->DISTRIBUTION,MARKUP,DISTRIBUTION,transition,MARKUP->DISTRIBUTION,-0.16756756756756752,-0.0745945945945945,-0.046486486486486456
2024-04-26,GTBP,MARKUP->DISTRIBUTION,MARKUP,DISTRIBUTION,transition,MARKUP->DISTRIBUTION,-0.013452914798206428,-0.005979073243647215,0.1001494768310911
2024-09-09,GTE,MARKUP->DISTRIBUTION,MARKUP,DISTRIBUTION,transition,MARKUP->DISTRIBUTION,-0.01904761904761909,-0.023809523809523725,0.058730158730158744
2025-05-13,GTIM,MARKUP->DISTRIBUTION,MARKUP,DISTRIBUTION,transition,MARKUP->DISTRIBUTION,-0.12637362637362637,-0.12637362637362637,-0.0494505494505495
2025-07-11,GTLB,DISTRIBUTION->MARKDOWN,DISTRIBUTION,MARKDOWN,transition,DISTRIBUTION->MARKDOWN,0.07946704734713284,0.13942422079467054,-0.03830597192481555
2025-10-16,GTLB,MARKDOWN->ACCUMULATION,MARKDOWN,ACCUMULATION,transition,MARKDOWN->ACCUMULATION,-0.003107520198881386,-0.01636627304744165,-0.08908224570126377
2025-02-27,GTLS,MARKUP->DISTRIBUTION,MARKUP,DISTRIBUTION,transition,MARKUP->DISTRIBUTION,-0.2090534979423868,-0.21695473251028807,-0.15703703703703709
2024-06-11,GTN,MARKUP->DISTRIBUTION,MARKUP,DISTRIBUTION,transition,MARKUP->DISTRIBUTION,-0.11213235294117652,-0.09375000000000011,-0.06066176470588236
2024-11-08,GTN,DISTRIBUTION->MARKDOWN,DISTRIBUTION,MARKDOWN,transition,DISTRIBUTION->MARKDOWN,0.09579439252336441,0.02102803738317749,-0.03971962616822433
2024-11-19,GTR,MARKUP->DISTRIBUTION,MARKUP,DISTRIBUTION,transition,MARKUP->DISTRIBUTION,0.016051364365970988,0.026011235955056167,-0.03949438202247191
2025-05-02,GTX,ACCUMULATION->MARKUP,ACCUMULATION,MARKUP,transition,ACCUMULATION->MARKUP,0.06629834254143652,0.1049723756906078,-0.06169429097605894
2025-05-20,GTX,MARKUP->DISTRIBUTION,MARKUP,DISTRIBUTION,transition,MARKUP->DISTRIBUTION,-0.0873949579831933,-0.14873949579831924,-0.14369747899159668
2025-07-08,GTY,MARKDOWN->ACCUMULATION,MARKDOWN,ACCUMULATION,transition,MARKDOWN->ACCUMULATION,-0.01351845085860437,-0.003288271830471312,0.039824625502374866
2025-03-19,GUMI,MARKUP->DISTRIBUTION,MARKUP,DISTRIBUTION,transition,MARKUP->DISTRIBUTION,0.00037859163910258786,-0.0011019009285458958,-0.0028095484796556436
2024-10-11,GURE,MARKUP->DISTRIBUTION,MARKUP,DISTRIBUTION,transition,MARKUP->DISTRIBUTION,-0.16863334048487444,-0.30272473718086246,-0.27676464278051915
2024-08-05,GURU,MARKDOWN->ACCUMULATION,MARKDOWN,ACCUMULATION,transition,MARKDOWN->ACCUMULATION,0.038716845878136175,0.08477180406212659,0.07077180406212658
2024-07-31,GUSH,MARKUP->DISTRIBUTION,MARKUP,DISTRIBUTION,transition,MARKUP->DISTRIBUTION,-0.1879741500421468,-0.1275639224501265,-0.127282944647373
2024-08-01,GUTS,MARKUP->DISTRIBUTION,MARKUP,DISTRIBUTION,transition,MARKUP->DISTRIBUTION,-0.33333333333333326,-0.13919413919413914,0.31135531135531136
2024-05-29,GV,ACCUMULATION->MARKUP,ACCUMULATION,MARKUP,transition,ACCUMULATION->MARKUP,-0.019323671497584516,-0.23913043478260865,-0.43236714975845403
2024-06-26,GV,MARKUP->DISTRIBUTION,MARKUP,DISTRIBUTION,transition,MARKUP->DISTRIBUTION,-0.05149603093832689,0.058416446163240376,-0.07592102584978633
2024-10-30,GVH,MARKUP->DISTRIBUTION,MARKUP,DISTRIBUTION,transition,MARKUP->DISTRIBUTION,-0.1772633409412021,-0.19166394957069888,-0.2499728290403217
2024-03-15,GWAV,MARKUP->DISTRIBUTION,MARKUP,DISTRIBUTION,transition,MARKUP->DISTRIBUTION,-0.597029702970297,-0.5148514851485149,-0.6115511551155115
2025-04-23,GWH,MARKUP->DISTRIBUTION,MARKUP,DISTRIBUTION,transition,MARKUP->DISTRIBUTION,0.04186046511627928,-0.04651162790697683,-0.1441860465116278
2025-01-07,GWRS,MARKUP->DISTRIBUTION,MARKUP,DISTRIBUTION,transition,MARKUP->DISTRIBUTION,0.022687609075043635,0.02530541012216392,-0.010471204188481797
2024-11-01,GXO,MARKUP->DISTRIBUTION,MARKUP,DISTRIBUTION,transition,MARKUP->DISTRIBUTION,0.01997268692386478,0.0011949470809149432,0.031068624103789633
2024-11-22,GXUS,MARKDOWN->ACCUMULATION,MARKDOWN,ACCUMULATION,transition,MARKDOWN->ACCUMULATION,0.014522376177399376,0.028686948198903384,-0.02140563362643455
2025-03-27,GYRE,MARKUP->DISTRIBUTION,MARKUP,DISTRIBUTION,transition,MARKUP->DISTRIBUTION,-0.25192519251925194,-0.19801980198019797,-0.002200220022002153
2025-02-13,H,MARKDOWN->ACCUMULATION,MARKDOWN,ACCUMULATION,transition,MARKDOWN->ACCUMULATION,-0.04993893336952082,-0.043628714886687514,-0.17078300990636452
2024-07-15,HAFC,MARKDOWN->ACCUMULATION,MARKDOWN,ACCUMULATION,transition,MARKDOWN->ACCUMULATION,0.10834715312327248,0.09839690436705362,-0.001105583195135429
2025-10-22,HAFC,ACCUMULATION->MARKUP,ACCUMULATION,MARKUP,transition,ACCUMULATION->MARKUP,0.017006802721088343,0.01058201058201047,-0.007180650037792891
2024-10-22,HAFN,MARKUP->DISTRIBUTION,MARKUP,DISTRIBUTION,transition,MARKUP->DISTRIBUTION,-0.09384615384615391,-0.12923076923076926,-0.14
2025-01-31,HAL,MARKUP->DISTRIBUTION,MARKUP,DISTRIBUTION,transition,MARKUP->DISTRIBUTION,-0.031898539584934604,0.005380476556495095,-0.03881629515757101
2024-10-10,HALO,MARKDOWN->ACCUMULATION,MARKDOWN,ACCUMULATION,transition,MARKDOWN->ACCUMULATION,0.00287742183004025,-0.05428735852676014,0.14425474774601943
2025-10-01,HALO,MARKUP->DISTRIBUTION,MARKUP,DISTRIBUTION,transition,MARKUP->DISTRIBUTION,-0.12997064318121154,-0.11449159327461966,-0.12917000266880163
2024-07-01,HAUZ,DISTRIBUTION->MARKDOWN,DISTRIBUTION,MARKDOWN,transition,DISTRIBUTION->MARKDOWN,0.024438902743141977,0.07381546134663353,0.052867830423940054
2024-08-05,HAUZ,MARKDOWN->ACCUMULATION,MARKDOWN,ACCUMULATION,transition,MARKDOWN->ACCUMULATION,0.02834799608993155,0.0728250244379276,0.07917888563049846
2024-08-23,HAUZ,ACCUMULATION->MARKUP,ACCUMULATION,MARKUP,transition,ACCUMULATION->MARKUP,0.005398110661268607,0.009896536212325557,0.036437246963562764
2024-07-18,HAYW,DISTRIBUTION->MARKDOWN,DISTRIBUTION,MARKDOWN,transition,DISTRIBUTION->MARKDOWN,0.04231082180634682,0.16598860862489828,0.15215622457282363
2024-09-13,HAYW,MARKDOWN->ACCUMULATION,MARKDOWN,ACCUMULATION,transition,MARKDOWN->ACCUMULATION,0.08775811209439532,0.12536873156342176,0.08849557522123885
2024-10-30,HAYW,ACCUMULATION->MARKUP,ACCUMULATION,MARKUP,transition,ACCUMULATION->MARKUP,-0.01626506024096408,-0.049397590361445864,-0.025301204819277223
2025-07-30,HAYW,MARKUP->DISTRIBUTION,MARKUP,DISTRIBUTION,transition,MARKUP->DISTRIBUTION,0.007777057679844601,0.0699935191186003,0.0544394037589111
2024-09-27,HBANL,MARKUP->DISTRIBUTION,MARKUP,DISTRIBUTION,transition,MARKUP->DISTRIBUTION,-0.010695187165775444,-0.015278838808250539,-0.005729564553093924
2024-12-20,HBANM,MARKUP->DISTRIBUTION,MARKUP,DISTRIBUTION,transition,MARKUP->DISTRIBUTION,0.035964912280701755,0.07543859649122808,0.012719298245613908
2024-06-18,HBB,MARKUP->DISTRIBUTION,MARKUP,DISTRIBUTION,transition,MARKUP->DISTRIBUTION,-0.1153409090909091,-0.03920454545454555,0.1227272727272728
2024-06-06,HBIO,MARKUP->DISTRIBUTION,MARKUP,DISTRIBUTION,transition,MARKUP->DISTRIBUTION,-0.02348993288590595,-0.05369127516778527,-0.06543624161073824
2024-07-25,HBNC,MARKDOWN->ACCUMULATION,MARKDOWN,ACCUMULATION,transition,MARKDOWN->ACCUMULATION,-0.07300613496932518,-0.11533742331288344,-0.08527607361963196
2024-11-06,HBNC,ACCUMULATION->MARKUP,ACCUMULATION,MARKUP,transition,ACCUMULATION->MARKUP,0.007650273224043769,-0.012568306010928953,-0.010928961748633892
2024-12-17,HBNC,MARKUP->DISTRIBUTION,MARKUP,DISTRIBUTION,transition,MARKUP->DISTRIBUTION,-0.05654933641084803,-0.08655510675129818,-0.08655510675129818
2025-06-23,HCAI,MARKUP->DISTRIBUTION,MARKUP,DISTRIBUTION,transition,MARKUP->DISTRIBUTION,-0.18282828282828278,-0.21343434343434353,-0.19191919191919182
2024-08-08,HCAT,MARKUP->DISTRIBUTION,MARKUP,DISTRIBUTION,transition,MARKUP->DISTRIBUTION,-0.10331125827814569,-0.0649006622516557,-0.03443708609271523
2024-04-03,HCM,MARKUP->DISTRIBUTION,MARKUP,DISTRIBUTION,transition,MARKUP->DISTRIBUTION,0.04134672179562893,-0.02835203780271711,0.10809214412285884
2025-05-12,HCWC,MARKDOWN->ACCUMULATION,MARKDOWN,ACCUMULATION,transition,MARKDOWN->ACCUMULATION,-0.23882352941176477,-0.2515686274509804,-0.1568627450980392
2024-04-10,HD,MARKUP->DISTRIBUTION,MARKUP,DISTRIBUTION,transition,MARKUP->DISTRIBUTION,-0.050576220903696956,-0.05006275673208582,-0.033460748516659145
2024-08-06,HDEF,MARKDOWN->ACCUMULATION,MARKDOWN,ACCUMULATION,transition,MARKDOWN->ACCUMULATION,0.029783761729905933,0.05738882088943287,0.0726234190126478
2024-12-06,HDG,MARKDOWN->ACCUMULATION,MARKDOWN,ACCUMULATION,transition,MARKDOWN->ACCUMULATION,-0.003203634091427432,-0.012770895529789827,-0.01841444908403833
2024-11-20,HDGE,MARKUP->DISTRIBUTION,MARKUP,DISTRIBUTION,transition,MARKUP->DISTRIBUTION,-0.03337136337706792,-0.02814603536794069,0.01140901312036502
2024-11-01,HDSN,MARKUP->DISTRIBUTION,MARKUP,DISTRIBUTION,transition,MARKUP->DISTRIBUTION,-0.20485175202156325,-0.19811320754716977,-0.18598382749326148
2025-02-28,HDUS,MARKDOWN->ACCUMULATION,MARKDOWN,ACCUMULATION,transition,MARKDOWN->ACCUMULATION,-0.02426825008732103,-0.0488997555012225,-0.06025148445686335
2025-07-01,HE,MARKUP->DISTRIBUTION,MARKUP,DISTRIBUTION,transition,MARKUP->DISTRIBUTION,-0.040286481647269445,-0.0429722470904208,-0.0304386750223814
2024-05-03,HELO,MARKDOWN->ACCUMULATION,MARKDOWN,ACCUMULATION,transition,MARKDOWN->ACCUMULATION,0.015445402298850608,0.026400862068965525,0.02532327586206895
2024-12-20,HFND,MARKUP->DISTRIBUTION,MARKUP,DISTRIBUTION,transition,MARKUP->DISTRIBUTION,-0.03408107952251893,-0.03318502614967633,-0.01747304077042844
2025-01-07,HFSP,MARKUP->DISTRIBUTION,MARKUP,DISTRIBUTION,transition,MARKUP->DISTRIBUTION,-0.008952996766973365,0.02213379756279532,0.03133548868440683
2024-05-08,HGBL,MARKUP->DISTRIBUTION,MARKUP,DISTRIBUTION,transition,MARKUP->DISTRIBUTION,-0.048387096774193616,-0.11290322580645151,-0.048387096774193616
2025-07-24,HGTY,MARKUP->DISTRIBUTION,MARKUP,DISTRIBUTION,transition,MARKUP->DISTRIBUTION,-0.04421448730009414,-0.12135465663217315,0.013170272812793815
2024-09-05,HI,MARKUP->DISTRIBUTION,MARKUP,DISTRIBUTION,transition,MARKUP->DISTRIBUTION,-0.12603648424543934,-0.05970149253731338,-0.12039800995024874
2025-08-26,HIBS,MARKUP->DISTRIBUTION,MARKUP,DISTRIBUTION,transition,MARKUP->DISTRIBUTION,0.04133333333333322,-0.029333333333333322,-0.1346666666666666
2024-07-26,HIDV,MARKUP->DISTRIBUTION,MARKUP,DISTRIBUTION,transition,MARKUP->DISTRIBUTION,-0.02194321007343414,-0.02995353287856939,0.024428222433253266
2024-07-19,HIHO,MARKUP->DISTRIBUTION,MARKUP,DISTRIBUTION,transition,MARKUP->DISTRIBUTION,-0.09218446601941743,-0.09223300970873782,-0.09684466019417481
2025-06-03,HIMS,MARKUP->DISTRIBUTION,MARKUP,DISTRIBUTION,transition,MARKUP->DISTRIBUTION,0.009501187648456089,0.08240453133564785,-0.132833911931299
2025-08-01,HIMZ,MARKUP->DISTRIBUTION,MARKUP,DISTRIBUTION,transition,MARKUP->DISTRIBUTION,-0.33333333333333326,-0.4804202483285578,-0.5702005730659025
2024-04-02,HITI,MARKDOWN->ACCUMULATION,MARKDOWN,ACCUMULATION,transition,MARKDOWN->ACCUMULATION,0.07657657657657646,0.0045045045045044585,0.03153153153153143
2025-01-21,HIYS,MARKDOWN->ACCUMULATION,MARKDOWN,ACCUMULATION,transition,MARKDOWN->ACCUMULATION,0.002224990402770466,0.00300843772768955,0.0004622339217024152
2024-04-23,HKIT,DISTRIBUTION->MARKDOWN,DISTRIBUTION,MARKDOWN,transition,DISTRIBUTION->MARKDOWN,0.0601503759398494,0.007518796992481258,-0.015037593984962405
2024-10-02,HKIT,MARKDOWN->ACCUMULATION,MARKDOWN,ACCUMULATION,transition,MARKDOWN->ACCUMULATION,-0.09756097560975607,-0.14634146341463417,-0.14329268292682917
2025-07-14,HLI,ACCUMULATION->MARKUP,ACCUMULATION,MARKUP,transition,ACCUMULATION->MARKUP,-0.00020551816266756173,-0.009145558238709328,-0.021476647998766918
2024-04-15,HLIT,MARKUP->DISTRIBUTION,MARKUP,DISTRIBUTION,transition,MARKUP->DISTRIBUTION,-0.06098741529525664,-0.09002904162633107,0.09970958373668926
2024-10-30,HLLY,DISTRIBUTION->MARKDOWN,DISTRIBUTION,MARKDOWN,transition,DISTRIBUTION->MARKDOWN,0.06766917293233066,0.02631578947368407,0.08270676691729317
2024-11-08,HLLY,MARKDOWN->ACCUMULATION,MARKDOWN,ACCUMULATION,transition,MARKDOWN->ACCUMULATION,0.0,0.04347826086956519,0.0
2025-08-04,HLMN,MARKDOWN->ACCUMULATION,MARKDOWN,ACCUMULATION,transition,MARKDOWN->ACCUMULATION,0.19065190651906505,0.19311193111931102,0.20910209102091004
2024-07-24,HLN,MARKDOWN->ACCUMULATION,MARKDOWN,ACCUMULATION,transition,MARKDOWN->ACCUMULATION,0.02006688963210701,0.07134894091415811,0.10033444816053505
2024-09-18,HLN,ACCUMULATION->MARKUP,ACCUMULATION,MARKUP,transition,ACCUMULATION->MARKUP,0.0037914691943126133,-0.0009478672985783199,-0.03981042654028433
2025-03-04,HLN,MARKUP->DISTRIBUTION,MARKUP,DISTRIBUTION,transition,MARKUP->DISTRIBUTION,-0.026241799437675684,-0.0356138706654171,-0.04592314901593253
2025-04-09,HLNE,MARKUP->DISTRIBUTION,MARKUP,DISTRIBUTION,transition,MARKUP->DISTRIBUTION,-0.08179222192004354,0.006323089475115395,0.10620070709817764
2025-04-03,HLX,MARKUP->DISTRIBUTION,MARKUP,DISTRIBUTION,transition,MARKUP->DISTRIBUTION,-0.1618037135278514,-0.09283819628647216,-0.12732095490716178
2024-04-16,HMC,MARKUP->DISTRIBUTION,MARKUP,DISTRIBUTION,transition,MARKUP->DISTRIBUTION,-0.01565613435809865,-0.032450896669513285,-0.04582977512097919
2024-11-07,HNDL,MARKDOWN->ACCUMULATION,MARKDOWN,ACCUMULATION,transition,MARKDOWN->ACCUMULATION,-0.009086778736937862,-0.004543389368468986,0.016356201726487996
2025-09-23,HNGE,MARKUP->DISTRIBUTION,MARKUP,DISTRIBUTION,transition,MARKUP->DISTRIBUTION,-0.1770623742454729,-0.1421864520456071,-0.1659959758551307
2024-08-09,HNNA,MARKDOWN->ACCUMULATION,MARKDOWN,ACCUMULATION,transition,MARKDOWN->ACCUMULATION,0.08604094834847653,0.08042543155246573,0.14893473646379674
2024-10-28,HNNA,MARKUP->DISTRIBUTION,MARKUP,DISTRIBUTION,transition,MARKUP->DISTRIBUTION,-0.029750479846449185,-0.01055662188099804,-0.016314779270633406
2025-02-26,HNST,MARKUP->DISTRIBUTION,MARKUP,DISTRIBUTION,transition,MARKUP->DISTRIBUTION,-0.08098591549295775,-0.1109154929577465,-0.12147887323943651
2024-07-11,HNVR,MARKUP->DISTRIBUTION,MARKUP,DISTRIBUTION,transition,MARKUP->DISTRIBUTION,0.05595667870036092,-0.00361010830324926,0.022262334536702566
2024-03-12,HODL,ACCUMULATION->MARKUP,ACCUMULATION,MARKUP,transition,ACCUMULATION->MARKUP,-0.1002716720177822,-0.028031612743887546,-0.02111632501852323
2025-03-17,HOFT,MARKUP->DISTRIBUTION,MARKUP,DISTRIBUTION,transition,MARKUP->DISTRIBUTION,-0.008665511265164572,-0.12998266897746968,-0.2963604852686309
2025-01-07,HOG,MARKUP->DISTRIBUTION,MARKUP,DISTRIBUTION,transition,MARKUP->DISTRIBUTION,0.0013577732518668117,-0.02477936184657159,-0.09300746775288538
2025-04-03,HOG,DISTRIBUTION->MARKDOWN,DISTRIBUTION,MARKDOWN,transition,DISTRIBUTION->MARKDOWN,-0.06605823554976109,-0.021729682746631895,0.021729682746632006
2024-12-17,HOLX,MARKUP->DISTRIBUTION,MARKUP,DISTRIBUTION,transition,MARKUP->DISTRIBUTION,0.005812344312206008,-0.007196235815112195,-0.03501245502352612
2025-01-02,HON,MARKUP->DISTRIBUTION,MARKUP,DISTRIBUTION,transition,MARKUP->DISTRIBUTION,-0.03250266051791417,-0.013036537779354318,-0.013790351188364691
2024-11-06,HOOD,MARKDOWN->ACCUMULATION,MARKDOWN,ACCUMULATION,transition,MARKDOWN->ACCUMULATION,0.06865371734762227,0.20830542531815133,0.30341594105827197
2025-01-07,HOTH,ACCUMULATION->MARKUP,ACCUMULATION,MARKUP,transition,ACCUMULATION->MARKUP,-0.337719298245614,-0.35526315789473684,-0.4736842105263158
2025-07-29,HOUS,MARKUP->DISTRIBUTION,MARKUP,DISTRIBUTION,transition,MARKUP->DISTRIBUTION,-0.028846153846153966,0.02499999999999991,0.23653846153846136
2024-06-28,HOWL,MARKUP->DISTRIBUTION,MARKUP,DISTRIBUTION,transition,MARKUP->DISTRIBUTION,-0.10655737704918022,0.1721311475409837,0.09836065573770503
2025-02-06,HP,MARKUP->DISTRIBUTION,MARKUP,DISTRIBUTION,transition,MARKUP->DISTRIBUTION,-0.015512265512265477,-0.05303030303030298,-0.0775613275613275
2025-07-23,HPAI,MARKUP->DISTRIBUTION,MARKUP,DISTRIBUTION,transition,MARKUP->DISTRIBUTION,-0.10988833144521759,-0.1705777633921347,-0.21103738469007938
2024-11-21,HPP,MARKUP->DISTRIBUTION,MARKUP,DISTRIBUTION,transition,MARKUP->DISTRIBUTION,0.2622950819672132,0.1672131147540985,-0.03934426229508181
2025-07-30,HQGO,MARKUP->DISTRIBUTION,MARKUP,DISTRIBUTION,transition,MARKUP->DISTRIBUTION,-0.0016193953177884302,0.018169615465585043,0.0216855026333167
2025-10-07,HQI,MARKUP->DISTRIBUTION,MARKUP,DISTRIBUTION,transition,MARKUP->DISTRIBUTION,-0.06222707423580787,-0.07205240174672489,-0.08733624454148481
2024-04-26,HRI,MARKUP->DISTRIBUTION,MARKUP,DISTRIBUTION,transition,MARKUP->DISTRIBUTION,-0.035266303277073696,0.02771392920470217,-0.030012477835424045
2024-05-29,HRL,MARKUP->DISTRIBUTION,MARKUP,DISTRIBUTION,transition,MARKUP->DISTRIBUTION,-0.1026392961876833,-0.1055718475073314,-0.11378299120234614
2024-08-08,HROW,MARKDOWN->ACCUMULATION,MARKDOWN,ACCUMULATION,transition,MARKDOWN->ACCUMULATION,0.14740566037735858,0.2181603773584906,0.11969339622641484
2025-08-12,HROW,MARKUP->DISTRIBUTION,MARKUP,DISTRIBUTION,transition,MARKUP->DISTRIBUTION,0.09761699684180303,0.10737869652598331,0.11599196095320119
2025-05-07,HRTG,MARKDOWN->ACCUMULATION,MARKDOWN,ACCUMULATION,transition,MARKDOWN->ACCUMULATION,-0.030452674897119447,-0.03744855967078187,0.0
2025-09-19,HRTG,ACCUMULATION->MARKUP,ACCUMULATION,MARKUP,transition,ACCUMULATION->MARKUP,-0.1246478873239436,-0.130281690140845,-0.19119718309859157
2024-11-14,HRTS,MARKUP->DISTRIBUTION,MARKUP,DISTRIBUTION,transition,MARKUP->DISTRIBUTION,-0.04854374936224293,0.004950540972606499,-0.05905707809857175
2025-02-28,HRTX,MARKUP->DISTRIBUTION,MARKUP,DISTRIBUTION,transition,MARKUP->DISTRIBUTION,-0.03238866396761131,-0.060728744939271384,-0.0850202429149799
2025-09-09,HRZN,MARKUP->DISTRIBUTION,MARKUP,DISTRIBUTION,transition,MARKUP->DISTRIBUTION,-0.02342606149341142,-0.07027818448023437,-0.09956076134699854
2025-07-28,HSBC,MARKUP->DISTRIBUTION,MARKUP,DISTRIBUTION,transition,MARKUP->DISTRIBUTION,-0.04171836228287851,-0.004342431761786614,0.011476426799007289
2025-07-10,HSCS,MARKUP->DISTRIBUTION,MARKUP,DISTRIBUTION,transition,MARKUP->DISTRIBUTION,-0.2739965095986039,-0.31413612565445026,-0.38219895287958117
2025-08-04,HSIC,MARKDOWN->ACCUMULATION,MARKDOWN,ACCUMULATION,transition,MARKDOWN->ACCUMULATION,-0.05598400457012287,-0.03998857469294481,-0.02327906312482142
2024-05-07,HST,MARKUP->DISTRIBUTION,MARKUP,DISTRIBUTION,transition,MARKUP->DISTRIBUTION,-0.010149572649572502,-0.020299145299145227,-0.033119658119658
2024-11-14,HSY,MARKUP->DISTRIBUTION,MARKUP,DISTRIBUTION,transition,MARKUP->DISTRIBUTION,-0.022297976975522604,-0.01570358779479153,0.023248016094780333
2025-05-29,HSY,DISTRIBUTION->MARKDOWN,DISTRIBUTION,MARKDOWN,transition,DISTRIBUTION->MARKDOWN,0.009050334738408106,0.06694768162658082,0.035147532853955
2025-10-30,HSY,MARKDOWN->ACCUMULATION,MARKDOWN,ACCUMULATION,transition,MARKDOWN->ACCUMULATION,-0.020565552699228884,0.040780556204720764,0.098854872633793
2024-11-13,HTBK,MARKUP->DISTRIBUTION,MARKUP,DISTRIBUTION,transition,MARKUP->DISTRIBUTION,-0.029520295202952074,-0.016605166051660514,-0.04428044280442811
2024-05-16,HTCR,MARKUP->DISTRIBUTION,MARKUP,DISTRIBUTION,transition,MARKUP->DISTRIBUTION,-0.11504424778761058,-0.11504424778761058,-0.10292156625045457
2024-12-09,HTHT,MARKDOWN->ACCUMULATION,MARKDOWN,ACCUMULATION,transition,MARKDOWN->ACCUMULATION,-0.10655737704918034,-0.07978142076502737,-0.12240437158469952
2024-11-12,HTLD,MARKUP->DISTRIBUTION,MARKUP,DISTRIBUTION,transition,MARKUP->DISTRIBUTION,-0.024661893396976997,0.006364359586316537,-0.04375497215592683
2025-01-03,HTLM,MARKUP->DISTRIBUTION,MARKUP,DISTRIBUTION,transition,MARKUP->DISTRIBUTION,-0.15172413793103445,-0.10114942528735626,0.05281609195402304
2025-07-22,HTO,MARKUP->DISTRIBUTION,MARKUP,DISTRIBUTION,transition,MARKUP->DISTRIBUTION,-0.048273155416012625,-0.028061224489795866,-0.01040031397174257
2024-06-25,HTOO,MARKUP->DISTRIBUTION,MARKUP,DISTRIBUTION,transition,MARKUP->DISTRIBUTION,-0.1113492658879005,-0.09441646125817171,-0.05690708391383559
2024-12-30,HUBC,MARKUP->DISTRIBUTION,MARKUP,DISTRIBUTION,transition,MARKUP->DISTRIBUTION,-0.397787610619469,-0.39026548672566375,-0.3993805309734513
2025-04-30,HUDI,MARKUP->DISTRIBUTION,MARKUP,DISTRIBUTION,transition,MARKUP->DISTRIBUTION,-0.02985074626865669,0.11194029850746268,0.08955223880596996
2024-09-30,HUM,MARKUP->DISTRIBUTION,MARKUP,DISTRIBUTION,transition,MARKUP->DISTRIBUTION,-0.2539938119593358,-0.15514301951127107,-0.1756961545747302
2025-03-13,HUMA,MARKUP->DISTRIBUTION,MARKUP,DISTRIBUTION,transition,MARKUP->DISTRIBUTION,0.1480144404332131,-0.27436823104693153,-0.43321299638989164
2024-12-17,HUN,MARKUP->DISTRIBUTION,MARKUP,DISTRIBUTION,transition,MARKUP->DISTRIBUTION,-0.023706896551723977,-0.06034482758620674,-0.03717672413793094
2025-08-11,HURA,MARKUP->DISTRIBUTION,MARKUP,DISTRIBUTION,transition,MARKUP->DISTRIBUTION,0.013114754098360715,-0.032786885245901565,-0.2295081967213114
2024-04-12,HWCPZ,MARKUP->DISTRIBUTION,MARKUP,DISTRIBUTION,transition,MARKUP->DISTRIBUTION,-0.039264828738513,-0.03341687552213868,-0.022556390977443774
2025-04-07,HWM,MARKDOWN->ACCUMULATION,MARKDOWN,ACCUMULATION,transition,MARKDOWN->ACCUMULATION,0.1008809811711866,0.07358783900500954,0.3456555536362067
2025-03-10,HYBI,MARKUP->DISTRIBUTION,MARKUP,DISTRIBUTION,transition,MARKUP->DISTRIBUTION,-0.00417850642551354,0.0009189164673379935,-0.04085628816904907
2024-08-05,HYDB,MARKDOWN->ACCUMULATION,MARKDOWN,ACCUMULATION,transition,MARKDOWN->ACCUMULATION,0.008423326133909281,0.021382289416846723,0.01900647948164158
2025-04-07,HYDR,MARKDOWN->ACCUMULATION,MARKDOWN,ACCUMULATION,transition,MARKDOWN->ACCUMULATION,0.04361567635903918,0.015170670037926604,0.06384323640960798
2025-09-23,HYDW,ACCUMULATION->MARKUP,ACCUMULATION,MARKUP,transition,ACCUMULATION->MARKUP,-0.0014780405405405705,-0.0047318412162161705,-0.0006334459459459429
2025-02-13,HYFM,ACCUMULATION->MARKUP,ACCUMULATION,MARKUP,transition,ACCUMULATION->MARKUP,-0.09531250000000002,-0.2265625,-0.46562500000000007
2025-03-24,HYFM,MARKUP->DISTRIBUTION,MARKUP,DISTRIBUTION,transition,MARKUP->DISTRIBUTION,-0.27862595419847336,-0.40454198473282443,-0.1450381679389312
2024-10-30,HYIN,MARKDOWN->ACCUMULATION,MARKDOWN,ACCUMULATION,transition,MARKDOWN->ACCUMULATION,-0.0025837837837837663,0.00324324324324321,0.005945945945945885
2024-08-05,HYLB,MARKDOWN->ACCUMULATION,MARKDOWN,ACCUMULATION,transition,MARKDOWN->ACCUMULATION,0.010431350436989062,0.022836199605300367,0.019171130532844582
2025-06-16,HYRM,MARKUP->DISTRIBUTION,MARKUP,DISTRIBUTION,transition,MARKUP->DISTRIBUTION,0.008163757914836589,0.007754276921220216,0.0055991137969233495
2025-01-23,HZO,MARKUP->DISTRIBUTION,MARKUP,DISTRIBUTION,transition,MARKUP->DISTRIBUTION,-0.05993203583565021,-0.060549891875192996,-0.17269076305220876
2024-04-10,IAC,MARKUP->DISTRIBUTION,MARKUP,DISTRIBUTION,transition,MARKUP->DISTRIBUTION,-0.05936438137117728,-0.01718968618828698,0.10073955626624032
2025-01-14,IAG,MARKDOWN->ACCUMULATION,MARKDOWN,ACCUMULATION,transition,MARKDOWN->ACCUMULATION,0.023381294964028854,0.07913669064748219,0.1888489208633095
2024-12-17,IAGG,MARKUP->DISTRIBUTION,MARKUP,DISTRIBUTION,transition,MARKUP->DISTRIBUTION,-0.042687595712098125,-0.043644716692189944,-0.04536753445635533
2024-05-02,IART,MARKUP->DISTRIBUTION,MARKUP,DISTRIBUTION,transition,MARKUP->DISTRIBUTION,-0.12,-0.04382608695652179,0.07478260869565223
2024-07-16,IBAT,MARKUP->DISTRIBUTION,MARKUP,DISTRIBUTION,transition,MARKUP->DISTRIBUTION,-0.03844979919678715,-0.052610441767068195,-0.07471084337349398
2024-11-11,IBID,MARKUP->DISTRIBUTION,MARKUP,DISTRIBUTION,transition,MARKUP->DISTRIBUTION,0.0005851375073140375,0.0009947337624340857,0.0031207333723424213
2024-11-15,IBIG,MARKDOWN->ACCUMULATION,MARKDOWN,ACCUMULATION,transition,MARKDOWN->ACCUMULATION,0.0031397174254317317,0.00981161695447419,0.004709576138147709
2025-02-13,IBIJ,MARKUP->DISTRIBUTION,MARKUP,DISTRIBUTION,transition,MARKUP->DISTRIBUTION,0.007500986971969992,0.021180418476115292,0.011646269245953578
2024-04-18,IBIO,MARKUP->DISTRIBUTION,MARKUP,DISTRIBUTION,transition,MARKUP->DISTRIBUTION,-0.02824858757062154,0.14689265536723162,0.02259887005649719
2025-02-21,IBKR,MARKUP->DISTRIBUTION,MARKUP,DISTRIBUTION,transition,MARKUP->DISTRIBUTION,-0.06551456133132161,-0.12142824486810222,-0.20742467882777849
2024-12-30,IBMO,MARKDOWN->ACCUMULATION,MARKDOWN,ACCUMULATION,transition,MARKDOWN->ACCUMULATION,0.0,-0.0003923107100822776,0.0011769321302472768
2025-03-17,IBN,MARKDOWN->ACCUMULATION,MARKDOWN,ACCUMULATION,transition,MARKDOWN->ACCUMULATION,0.06132707774798929,0.05630026809651478,0.04825737265415553
2025-03-12,IBO,MARKUP->DISTRIBUTION,MARKUP,DISTRIBUTION,transition,MARKUP->DISTRIBUTION,-0.20204757603131585,2.31225534477567,-0.2195121951219513
2025-10-16,IBRN,ACCUMULATION->MARKUP,ACCUMULATION,MARKUP,transition,ACCUMULATION->MARKUP,0.006143498535198688,0.04272713089604241,6.240574132831966e-05
2025-02-26,IBTA,MARKUP->DISTRIBUTION,MARKUP,DISTRIBUTION,transition,MARKUP->DISTRIBUTION,-0.44523696306863214,-0.3344428594071961,-0.3060706926612775
2025-06-23,IBTG,MARKUP->DISTRIBUTION,MARKUP,DISTRIBUTION,transition,MARKUP->DISTRIBUTION,0.00174748798601998,-0.002184359982525197,-0.000655307994757548
2025-10-16,IBTI,MARKUP->DISTRIBUTION,MARKUP,DISTRIBUTION,transition,MARKUP->DISTRIBUTION,-0.0011128421989761161,-0.002893389717338102,-0.004469174271088394
2025-04-07,IBTK,MARKUP->DISTRIBUTION,MARKUP,DISTRIBUTION,transition,MARKUP->DISTRIBUTION,-0.007102993404363267,-0.004566210045662045,-0.0020294266869609334
2025-04-04,IBTL,MARKUP->DISTRIBUTION,MARKUP,DISTRIBUTION,transition,MARKUP->DISTRIBUTION,-0.02481751824817524,-0.016058394160584077,-0.014111922141119226
2025-03-04,IBTP,MARKUP->DISTRIBUTION,MARKUP,DISTRIBUTION,transition,MARKUP->DISTRIBUTION,-0.004103967168262668,-0.004330662497557203,0.002735978112175186
2025-03-10,ICCC,MARKDOWN->ACCUMULATION,MARKDOWN,ACCUMULATION,transition,MARKDOWN->ACCUMULATION,0.02053388090349073,0.014373716632443578,0.10472279260780293
2024-07-22,ICCM,MARKDOWN->ACCUMULATION,MARKDOWN,ACCUMULATION,transition,MARKDOWN->ACCUMULATION,0.05942299411511409,-0.12444380651643461,-0.08353667288646482
2024-07-11,ICE,MARKDOWN->ACCUMULATION,MARKDOWN,ACCUMULATION,transition,MARKDOWN->ACCUMULATION,0.004145429833503078,0.012776078831124638,0.044920149507305274
2025-03-24,ICG,MARKUP->DISTRIBUTION,MARKUP,DISTRIBUTION,transition,MARKUP->DISTRIBUTION,-0.3139240506329114,-0.518987341772152,-0.6303797468354431
2025-10-13,ICL,MARKUP->DISTRIBUTION,MARKUP,DISTRIBUTION,transition,MARKUP->DISTRIBUTION,-0.08771929824561397,-0.0292397660818714,-0.16666666666666663
2024-04-12,ICLN,MARKUP->DISTRIBUTION,MARKUP,DISTRIBUTION,transition,MARKUP->DISTRIBUTION,-0.037694013303769425,-0.022172949002217224,0.02291204730229124
2024-11-11,ICLR,MARKUP->DISTRIBUTION,MARKUP,DISTRIBUTION,transition,MARKUP->DISTRIBUTION,-0.11763596945989263,0.021585446319162926,0.01781506268262789
2025-04-03,ICMB,MARKUP->DISTRIBUTION,MARKUP,DISTRIBUTION,transition,MARKUP->DISTRIBUTION,-0.16747967479674797,-0.07804878048780495,-0.06016260162601628
2025-03-11,ICUI,MARKDOWN->ACCUMULATION,MARKDOWN,ACCUMULATION,transition,MARKDOWN->ACCUMULATION,0.06576012662781494,0.0783509605007553,-0.036117706309806485
2024-11-04,IDA,MARKDOWN->ACCUMULATION,MARKDOWN,ACCUMULATION,transition,MARKDOWN->ACCUMULATION,0.09416495230970634,0.10865906115578827,0.08930241256779503
2025-01-30,IDAI,MARKUP->DISTRIBUTION,MARKUP,DISTRIBUTION,transition,MARKUP->DISTRIBUTION,-0.12432432432432428,-0.1702702702702703,-0.3389189189189189
2025-05-02,IDCC,MARKDOWN->ACCUMULATION,MARKDOWN,ACCUMULATION,transition,MARKDOWN->ACCUMULATION,0.004692610323742796,0.03659288050433718,0.025596056311324
2024-06-27,IDGT,MARKUP->DISTRIBUTION,MARKUP,DISTRIBUTION,transition,MARKUP->DISTRIBUTION,0.007676940639269381,0.06085616438356167,0.031676655251141383
2025-04-03,IDLV,MARKUP->DISTRIBUTION,MARKUP,DISTRIBUTION,transition,MARKUP->DISTRIBUTION,-0.04383976551050317,0.009360039081582894,0.05241817293600404
2024-12-20,IDMO,MARKDOWN->ACCUMULATION,MARKDOWN,ACCUMULATION,transition,MARKDOWN->ACCUMULATION,0.0044345898004434225,0.008130081300812941,0.04779502340477948
2024-04-17,IDN,MARKUP->DISTRIBUTION,MARKUP,DISTRIBUTION,transition,MARKUP->DISTRIBUTION,0.006329113924050667,0.028481012658227778,-0.12658227848101278
2025-08-29,IDRV,MARKUP->DISTRIBUTION,MARKUP,DISTRIBUTION,transition,MARKUP->DISTRIBUTION,0.007352941176470562,0.017138009049773695,0.03506787330316752
2024-10-09,IDT,MARKDOWN->ACCUMULATION,MARKDOWN,ACCUMULATION,transition,MARKDOWN->ACCUMULATION,0.02125375697724352,0.00944611421210828,0.07750107342206958
2024-06-03,IEO,MARKUP->DISTRIBUTION,MARKUP,DISTRIBUTION,transition,MARKUP->DISTRIBUTION,0.004910803768290117,-0.031168570855882982,0.0026057326117459034
2024-12-18,IEO,DISTRIBUTION->MARKDOWN,DISTRIBUTION,MARKDOWN,transition,DISTRIBUTION->MARKDOWN,0.013817928471899554,0.06746400371574546,0.1396888063167674
2024-12-17,IEP,MARKUP->DISTRIBUTION,MARKUP,DISTRIBUTION,transition,MARKUP->DISTRIBUTION,-0.06484295845997967,-0.09017223910840921,-0.049645390070921835
2024-04-19,IETC,DISTRIBUTION->MARKDOWN,DISTRIBUTION,MARKDOWN,transition,DISTRIBUTION->MARKDOWN,0.03695817490494302,0.034524714828897185,0.0749110266159696
2024-08-01,IETC,MARKUP->DISTRIBUTION,MARKUP,DISTRIBUTION,transition,MARKUP->DISTRIBUTION,-0.027762506871907733,0.03078614623419451,0.027212754260582672
2025-03-11,IEZ,MARKUP->DISTRIBUTION,MARKUP,DISTRIBUTION,transition,MARKUP->DISTRIBUTION,0.032596982758620774,0.06788793103448287,-0.20420258620689657
2024-07-02,IFBD,MARKDOWN->ACCUMULATION,MARKDOWN,ACCUMULATION,transition,MARKDOWN->ACCUMULATION,-0.03785488958990535,0.009463722397476504,-0.2429022082018928
2024-03-04,IFRX,ACCUMULATION->MARKUP,ACCUMULATION,MARKUP,transition,ACCUMULATION->MARKUP,-0.0847457627118644,-0.15254237288135597,-0.12994350282485878
2025-04-09,IFS,MARKDOWN->ACCUMULATION,MARKDOWN,ACCUMULATION,transition,MARKDOWN->ACCUMULATION,0.0035392535392535507,0.025740025740025763,0.11132561132561136
2025-03-04,IGBH,MARKDOWN->ACCUMULATION,MARKDOWN,ACCUMULATION,transition,MARKDOWN->ACCUMULATION,-0.006314918270225567,0.003931305607283386,-0.005230705565901106
2024-11-13,IGLD,MARKUP->DISTRIBUTION,MARKUP,DISTRIBUTION,transition,MARKUP->DISTRIBUTION,0.031385803959439906,0.026557218734910792,-0.0762916465475616
2024-07-05,IGOV,MARKDOWN->ACCUMULATION,MARKDOWN,ACCUMULATION,transition,MARKDOWN->ACCUMULATION,0.010687022900763399,0.006361323155216203,0.029516539440203715
2025-04-09,IGRO,MARKDOWN->ACCUMULATION,MARKDOWN,ACCUMULATION,transition,MARKDOWN->ACCUMULATION,0.031492666091458066,0.0696002300834051,0.08067299396031058
2025-01-28,IGV,MARKUP->DISTRIBUTION,MARKUP,DISTRIBUTION,transition,MARKUP->DISTRIBUTION,-0.006476807314982347,0.003143156491094423,-0.0575292885036669
2024-06-27,IHAK,MARKUP->DISTRIBUTION,MARKUP,DISTRIBUTION,transition,MARKUP->DISTRIBUTION,0.015765272607838776,0.02036347711845843,0.007663674184366087
2025-05-06,IHS,MARKDOWN->ACCUMULATION,MARKDOWN,ACCUMULATION,transition,MARKDOWN->ACCUMULATION,0.11580882352941169,0.022058823529411686,0.053308823529411686
2025-07-01,IHS,ACCUMULATION->MARKUP,ACCUMULATION,MARKUP,transition,ACCUMULATION->MARKUP,-0.04416403785488965,-0.03312302839116721,0.004731861198738141
2024-06-12,IHT,MARKDOWN->ACCUMULATION,MARKDOWN,ACCUMULATION,transition,MARKDOWN->ACCUMULATION,0.0393258426966292,0.016853932584269593,-0.07247191011235954
2025-06-24,IHY,ACCUMULATION->MARKUP,ACCUMULATION,MARKUP,transition,ACCUMULATION->MARKUP,-0.00475113122171944,-0.005882352941176561,0.0004524886877828038
2025-09-22,III,ACCUMULATION->MARKUP,ACCUMULATION,MARKUP,transition,ACCUMULATION->MARKUP,0.007117437722419906,0.003558718861209842,0.001779359430605032
2025-02-20,IIIV,MARKUP->DISTRIBUTION,MARKUP,DISTRIBUTION,transition,MARKUP->DISTRIBUTION,-0.07898498927805575,-0.11329521086490357,-0.1215153681200859
2025-03-27,IIPR,MARKUP->DISTRIBUTION,MARKUP,DISTRIBUTION,transition,MARKUP->DISTRIBUTION,-0.19477726574500753,-0.2519201228878647,-0.17726574500768033
2025-04-08,IIPR,DISTRIBUTION->MARKDOWN,DISTRIBUTION,MARKDOWN,transition,DISTRIBUTION->MARKDOWN,0.05100978555069746,0.07807620237351665,0.11118051217988745
2024-12-20,IJJ,MARKDOWN->ACCUMULATION,MARKDOWN,ACCUMULATION,transition,MARKDOWN->ACCUMULATION,0.0008059966148143971,0.009430160393326448,0.048601595873297265
2024-07-31,IJR,MARKUP->DISTRIBUTION,MARKUP,DISTRIBUTION,transition,MARKUP->DISTRIBUTION,-0.08855839107655905,-0.06988338685144513,-0.025435186750042305
2024-08-05,ILCB,MARKDOWN->ACCUMULATION,MARKDOWN,ACCUMULATION,transition,MARKDOWN->ACCUMULATION,0.03138133931073139,0.0830764920145699,0.06780610815354438
2025-02-19,ILIT,MARKDOWN->ACCUMULATION,MARKDOWN,ACCUMULATION,transition,MARKDOWN->ACCUMULATION,0.013430167597765497,-0.006703910614525022,0.02681564245810053
2025-10-31,ILMN,MARKUP->DISTRIBUTION,MARKUP,DISTRIBUTION,transition,MARKUP->DISTRIBUTION,-0.013275052614537763,-0.023231342075441197,0.04192973935567412
2025-09-03,ILTB,MARKDOWN->ACCUMULATION,MARKDOWN,ACCUMULATION,transition,MARKDOWN->ACCUMULATION,0.02886178861788613,0.033105691056910524,0.0260162601626015
2025-02-05,IMAX,MARKDOWN->ACCUMULATION,MARKDOWN,ACCUMULATION,transition,MARKDOWN->ACCUMULATION,0.044070512820512775,0.07892628205128194,-0.015625
2025-08-22,IMMP,MARKDOWN->ACCUMULATION,MARKDOWN,ACCUMULATION,transition,MARKDOWN->ACCUMULATION,-0.09039548022598864,-0.02824858757062154,-0.03389830508474578
2024-04-22,IMNM,MARKUP->DISTRIBUTION,MARKUP,DISTRIBUTION,transition,MARKUP->DISTRIBUTION,-0.09554973821989521,0.01178010471204205,-0.09685863874345546
2024-04-30,IMRN,MARKUP->DISTRIBUTION,MARKUP,DISTRIBUTION,transition,MARKUP->DISTRIBUTION,0.1306306306306304,0.05360360360360339,0.054054054054053946
2025-01-08,IMTX,MARKUP->DISTRIBUTION,MARKUP,DISTRIBUTION,transition,MARKUP->DISTRIBUTION,-0.2338593974175036,-0.1965566714490674,-0.22525107604017214
2025-04-29,IMUX,MARKUP->DISTRIBUTION,MARKUP,DISTRIBUTION,transition,MARKUP->DISTRIBUTION,-0.1640625,-0.22671874999999997,-0.28890625000000003
2024-05-29,IMVT,MARKUP->DISTRIBUTION,MARKUP,DISTRIBUTION,transition,MARKUP->DISTRIBUTION,-0.1342576936083868,-0.13561041596212386,-0.12073047007101789
2025-09-03,IMVT,MARKDOWN->ACCUMULATION,MARKDOWN,ACCUMULATION,transition,MARKDOWN->ACCUMULATION,-0.029940119760479056,-0.09520958083832332,-0.021556886227544925
2024-08-19,INAB,MARKUP->DISTRIBUTION,MARKUP,DISTRIBUTION,transition,MARKUP->DISTRIBUTION,-0.15483333333333327,-0.16649999999999998,-0.4495
2024-08-22,INBKZ,MARKUP->DISTRIBUTION,MARKUP,DISTRIBUTION,transition,MARKUP->DISTRIBUTION,-0.005924924604445159,-0.01877082518112727,0.00395653737761803
2025-02-12,INBS,MARKUP->DISTRIBUTION,MARKUP,DISTRIBUTION,transition,MARKUP->DISTRIBUTION,-0.15662650602409645,-0.1887550200803213,-0.14859437751004023
2024-11-11,INCE,MARKUP->DISTRIBUTION,MARKUP,DISTRIBUTION,transition,MARKUP->DISTRIBUTION,-0.008345629704853086,0.009211203385960598,-0.01823157162962985
2024-02-26,INCR,ACCUMULATION->MARKUP,ACCUMULATION,MARKUP,transition,ACCUMULATION->MARKUP,0.03664921465968596,-0.041884816753926635,0.3350785340314135
2024-08-14,INCR,MARKUP->DISTRIBUTION,MARKUP,DISTRIBUTION,transition,MARKUP->DISTRIBUTION,0.002617801047120505,0.18324607329842935,0.03141361256544495
2024-11-15,INCR,DISTRIBUTION->MARKDOWN,DISTRIBUTION,MARKDOWN,transition,DISTRIBUTION->MARKDOWN,0.15384615384615397,0.11965811965811968,0.22222222222222232
2025-03-17,INCY,MARKDOWN->ACCUMULATION,MARKDOWN,ACCUMULATION,transition,MARKDOWN->ACCUMULATION,0.012417352039993501,-0.023544589582325415,-0.044992743105950694
2024-04-12,INDA,MARKUP->DISTRIBUTION,MARKUP,DISTRIBUTION,transition,MARKUP->DISTRIBUTION,-0.006580220630927114,0.012579833559125175,-0.005806077027288636
2025-10-17,INDE,MARKUP->DISTRIBUTION,MARKUP,DISTRIBUTION,transition,MARKUP->DISTRIBUTION,-0.011468799999999946,-0.024959999999999982,-0.005529599999999912
2025-10-14,INDI,MARKUP->DISTRIBUTION,MARKUP,DISTRIBUTION,transition,MARKUP->DISTRIBUTION,0.0125899280575541,-0.017086330935251803,-0.25359712230215814
2024-04-15,INDO,ACCUMULATION->MARKUP,ACCUMULATION,MARKUP,transition,ACCUMULATION->MARKUP,-0.3108552631578947,-0.29934210526315796,-0.29934210526315796
2024-07-31,INDS,MARKUP->DISTRIBUTION,MARKUP,DISTRIBUTION,transition,MARKUP->DISTRIBUTION,-0.018774703557312256,0.007905138339920903,0.04795207509881427
2024-11-06,INEQ,MARKDOWN->ACCUMULATION,MARKDOWN,ACCUMULATION,transition,MARKDOWN->ACCUMULATION,-0.025336492706896863,-0.029431377499821942,0.011129022860139504
2024-05-21,INFR,MARKUP->DISTRIBUTION,MARKUP,DISTRIBUTION,transition,MARKUP->DISTRIBUTION,-0.04697946033024569,-0.013290374546918948,-0.04888844140153037
2025-08-07,INGN,DISTRIBUTION->MARKDOWN,DISTRIBUTION,MARKDOWN,transition,DISTRIBUTION->MARKDOWN,0.30664395229982966,0.282793867120954,0.3816013628620101
2025-04-21,INHD,ACCUMULATION->MARKUP,ACCUMULATION,MARKUP,transition,ACCUMULATION->MARKUP,-0.13551401869158874,-0.20385514018691586,-0.830607476635514
2025-08-25,INHD,MARKUP->DISTRIBUTION,MARKUP,DISTRIBUTION,transition,MARKUP->DISTRIBUTION,0.0736842105263158,0.513684210526316,-0.5242105263157895
2024-12-24,INKT,MARKDOWN->ACCUMULATION,MARKDOWN,ACCUMULATION,transition,MARKDOWN->ACCUMULATION,0.9092627599243857,0.381852551984877,0.6708884688090737
2024-09-24,INLX,MARKDOWN->ACCUMULATION,MARKDOWN,ACCUMULATION,transition,MARKDOWN->ACCUMULATION,-0.06333333333333335,0.15083333333333337,0.10833333333333339
2024-11-14,INM,ACCUMULATION->MARKUP,ACCUMULATION,MARKUP,transition,ACCUMULATION->MARKUP,-0.08464566929133854,-0.1555118110236221,0.03543307086614167
2025-03-26,INM,MARKUP->DISTRIBUTION,MARKUP,DISTRIBUTION,transition,MARKUP->DISTRIBUTION,-0.21698113207547165,-0.08490566037735847,0.12452830188679243
2025-01-22,INMB,MARKDOWN->ACCUMULATION,MARKDOWN,ACCUMULATION,transition,MARKDOWN->ACCUMULATION,0.1812255541069101,0.36636245110821397,0.18513689700130387
2025-04-03,INN,MARKUP->DISTRIBUTION,MARKUP,DISTRIBUTION,transition,MARKUP->DISTRIBUTION,-0.11982570806100212,-0.14596949891067534,-0.050108932461873534
2024-12-12,INO,MARKUP->DISTRIBUTION,MARKUP,DISTRIBUTION,transition,MARKUP->DISTRIBUTION,-0.5093085106382979,-0.5026595744680851,-0.5026595744680851
2024-05-17,INQQ,MARKDOWN->ACCUMULATION,MARKDOWN,ACCUMULATION,transition,MARKDOWN->ACCUMULATION,-0.010255990616859556,-0.01736153730752965,0.014688433370156684
2025-07-21,INR,MARKUP->DISTRIBUTION,MARKUP,DISTRIBUTION,transition,MARKUP->DISTRIBUTION,0.02580645161290329,0.0,-0.032258064516129004
2025-04-04,INSE,DISTRIBUTION->MARKDOWN,DISTRIBUTION,MARKDOWN,transition,DISTRIBUTION->MARKDOWN,0.026798307475317307,0.035260930888575404,0.07193229901269382
2025-06-23,INSE,MARKDOWN->ACCUMULATION,MARKDOWN,ACCUMULATION,transition,MARKDOWN->ACCUMULATION,0.07783641160949872,0.1503957783641161,0.2387862796833773
2024-05-30,INSG,ACCUMULATION->MARKUP,ACCUMULATION,MARKUP,transition,ACCUMULATION->MARKUP,-0.12945973496432228,-0.024464831804281384,0.08664627930682967
2025-04-09,INSM,MARKDOWN->ACCUMULATION,MARKDOWN,ACCUMULATION,transition,MARKDOWN->ACCUMULATION,0.03923019985196152,0.02087342709104356,-0.02842339008142125
2024-06-21,INSP,MARKUP->DISTRIBUTION,MARKUP,DISTRIBUTION,transition,MARKUP->DISTRIBUTION,-0.17622799458328198,-0.16305552135910384,-0.12132217161147363
2024-11-26,INSW,MARKUP->DISTRIBUTION,MARKUP,DISTRIBUTION,transition,MARKUP->DISTRIBUTION,-0.035407182599898834,-0.08624178047546782,-0.08345978755690431
2024-08-01,INTC,MARKUP->DISTRIBUTION,MARKUP,DISTRIBUTION,transition,MARKUP->DISTRIBUTION,-0.2946643717728056,-0.2877796901893287,-0.3070567986230638
2025-06-10,INTC,MARKDOWN->ACCUMULATION,MARKDOWN,ACCUMULATION,transition,MARKDOWN->ACCUMULATION,-0.05797101449275355,0.005434782608695787,0.07880434782608714
2024-11-21,INTU,MARKUP->DISTRIBUTION,MARKUP,DISTRIBUTION,transition,MARKUP->DISTRIBUTION,-0.0544717842935023,-0.047487844408427904,-0.05202593192868732
2024-04-15,INTZ,MARKUP->DISTRIBUTION,MARKUP,DISTRIBUTION,transition,MARKUP->DISTRIBUTION,-0.357429718875502,-0.24096385542168686,-0.2650602409638555
2025-09-22,INUV,MARKUP->DISTRIBUTION,MARKUP,DISTRIBUTION,transition,MARKUP->DISTRIBUTION,-0.12709832134292565,-0.13669064748201432,-0.24460431654676262
2025-04-01,INV,MARKUP->DISTRIBUTION,MARKUP,DISTRIBUTION,transition,MARKUP->DISTRIBUTION,-0.3439393939393939,-0.4893939393939394,-0.36363636363636354
2025-03-13,INVA,MARKDOWN->ACCUMULATION,MARKDOWN,ACCUMULATION,transition,MARKDOWN->ACCUMULATION,-0.01035077630822312,0.028177113283496258,-0.016676250718803853
2024-12-24,INVZ,ACCUMULATION->MARKUP,ACCUMULATION,MARKUP,transition,ACCUMULATION->MARKUP,0.07784431137724557,0.04790419161676662,-0.02395209580838331
2025-06-18,INVZ,MARKUP->DISTRIBUTION,MARKUP,DISTRIBUTION,transition,MARKUP->DISTRIBUTION,0.15151515151515138,0.09090909090909083,0.43181818181818166
2025-09-29,IOPP,MARKDOWN->ACCUMULATION,MARKDOWN,ACCUMULATION,transition,MARKDOWN->ACCUMULATION,0.011232633757020327,0.0052837718001774725,0.026234111735146337
2025-02-26,IOVA,MARKUP->DISTRIBUTION,MARKUP,DISTRIBUTION,transition,MARKUP->DISTRIBUTION,-0.2429906542056075,-0.28598130841121494,-0.3570093457943925
2024-05-23,IP,MARKDOWN->ACCUMULATION,MARKDOWN,ACCUMULATION,transition,MARKDOWN->ACCUMULATION,0.021059782608695787,0.02377717391304368,0.0715579710144929
2025-01-30,IP,MARKUP->DISTRIBUTION,MARKUP,DISTRIBUTION,transition,MARKUP->DISTRIBUTION,-0.022962313759859687,-0.02822085889570547,-0.012269938650306678
2024-05-07,IPDN,MARKUP->DISTRIBUTION,MARKUP,DISTRIBUTION,transition,MARKUP->DISTRIBUTION,-0.18305785123966933,-0.3755371900826445,-0.5371900826446281
2024-03-18,IPHA,MARKUP->DISTRIBUTION,MARKUP,DISTRIBUTION,transition,MARKUP->DISTRIBUTION,0.004184100418409997,0.05439330543933041,0.08368200836820061
2025-03-04,IPI,MARKDOWN->ACCUMULATION,MARKDOWN,ACCUMULATION,transition,MARKDOWN->ACCUMULATION,0.07293825113966035,0.19850808122668884,0.22378781599668462
2025-10-14,IPKW,MARKDOWN->ACCUMULATION,MARKDOWN,ACCUMULATION,transition,MARKDOWN->ACCUMULATION,-0.0057865960619428725,0.02596812343706789,0.047048971390001526
2025-01-10,IPSC,MARKUP->DISTRIBUTION,MARKUP,DISTRIBUTION,transition,MARKUP->DISTRIBUTION,-0.08151515151515154,-0.11636363636363634,-0.27080808080808083
2025-03-21,IPW,MARKUP->DISTRIBUTION,MARKUP,DISTRIBUTION,transition,MARKUP->DISTRIBUTION,-0.19234374999999992,-0.28109375000000003,-0.11093750000000013
2024-03-21,IPWR,MARKUP->DISTRIBUTION,MARKUP,DISTRIBUTION,transition,MARKUP->DISTRIBUTION,-0.1214215202369201,-0.21520236920039493,-0.3139190523198421
2025-04-07,IQ,DISTRIBUTION->MARKDOWN,DISTRIBUTION,MARKDOWN,transition,DISTRIBUTION->MARKDOWN,-0.05747126436781613,0.02298850574712641,0.13793103448275867
2024-04-04,IQLT,MARKUP->DISTRIBUTION,MARKUP,DISTRIBUTION,transition,MARKUP->DISTRIBUTION,0.0,-0.0323325635103926,-0.018732358224274992
2025-07-30,IQM,ACCUMULATION->MARKUP,ACCUMULATION,MARKUP,transition,ACCUMULATION->MARKUP,0.0036120518582973826,0.013788397613667014,0.005963328596558348
2025-06-03,IQRA,MARKUP->DISTRIBUTION,MARKUP,DISTRIBUTION,transition,MARKUP->DISTRIBUTION,0.004904087712069849,-0.002417405318291821,0.0017975578007809467
2025-04-29,IR,MARKDOWN->ACCUMULATION,MARKDOWN,ACCUMULATION,transition,MARKDOWN->ACCUMULATION,0.014159764894469795,0.1287737109270639,0.09324071600320605
2025-03-10,IRBT,MARKUP->DISTRIBUTION,MARKUP,DISTRIBUTION,transition,MARKUP->DISTRIBUTION,-0.41820987654320996,-0.4691358024691359,-0.6697530864197531
2025-02-13,IRDM,MARKUP->DISTRIBUTION,MARKUP,DISTRIBUTION,transition,MARKUP->DISTRIBUTION,-0.02844638949671774,-0.013441700531416023,-0.13754298218193184
2024-10-07,IRIX,MARKUP->DISTRIBUTION,MARKUP,DISTRIBUTION,transition,MARKUP->DISTRIBUTION,0.0,0.03797468354430378,-0.10126582278481022
2024-05-14,IRM,MARKDOWN->ACCUMULATION,MARKDOWN,ACCUMULATION,transition,MARKDOWN->ACCUMULATION,0.028809139451136057,-0.02669812492238921,0.08406804917422073
2024-08-01,IRM,ACCUMULATION->MARKUP,ACCUMULATION,MARKUP,transition,ACCUMULATION->MARKUP,-0.01981011502647434,-0.008763921855030166,0.02236625890085797
2024-12-16,IRM,MARKUP->DISTRIBUTION,MARKUP,DISTRIBUTION,transition,MARKUP->DISTRIBUTION,-0.054542187078803206,-0.05553059574085728,-0.009344954623056956
2024-05-31,IRS,MARKDOWN->ACCUMULATION,MARKDOWN,ACCUMULATION,transition,MARKDOWN->ACCUMULATION,-0.18197573656845756,-0.14298093587521654,-0.2694974003466204
2025-09-29,IRTC,MARKUP->DISTRIBUTION,MARKUP,DISTRIBUTION,transition,MARKUP->DISTRIBUTION,0.03684365781710919,0.046430678466076625,0.07793510324483788
2025-04-07,IRTR,MARKDOWN->ACCUMULATION,MARKDOWN,ACCUMULATION,transition,MARKDOWN->ACCUMULATION,0.02068864468864473,0.01758241758241752,0.04322344322344329
2024-10-02,IRVH,MARKUP->DISTRIBUTION,MARKUP,DISTRIBUTION,transition,MARKUP->DISTRIBUTION,-0.029065309820868412,-0.02463697404800058,-0.03667665714086554
2025-01-30,IRWD,MARKUP->DISTRIBUTION,MARKUP,DISTRIBUTION,transition,MARKUP->DISTRIBUTION,-0.15652173913043477,-0.12608695652173918,-0.29999999999999993
2025-03-05,ISPC,MARKUP->DISTRIBUTION,MARKUP,DISTRIBUTION,transition,MARKUP->DISTRIBUTION,-0.1216216216216216,-0.10135135135135132,-0.14189189189189189
2025-01-06,ISPR,MARKUP->DISTRIBUTION,MARKUP,DISTRIBUTION,transition,MARKUP->DISTRIBUTION,-0.07831325301204828,-0.11244979919678721,-0.050200803212851364
2025-08-07,ISRA,MARKUP->DISTRIBUTION,MARKUP,DISTRIBUTION,transition,MARKUP->DISTRIBUTION,0.023397475755469133,0.03052660119912831,0.06839638508286039
2024-04-15,ITB,MARKUP->DISTRIBUTION,MARKUP,DISTRIBUTION,transition,MARKUP->DISTRIBUTION,-0.021992605934211706,0.006825291496824315,0.01857996018579966
2025-04-03,ITB,DISTRIBUTION->MARKDOWN,DISTRIBUTION,MARKDOWN,transition,DISTRIBUTION->MARKDOWN,-0.027104451300132282,-0.018620537681798277,0.03195240193918014
2025-05-19,ITB,MARKDOWN->ACCUMULATION,MARKDOWN,ACCUMULATION,transition,MARKDOWN->ACCUMULATION,-0.031210325856961485,-0.04845535336436735,-0.07204824375793484
2024-08-05,ITDE,MARKDOWN->ACCUMULATION,MARKDOWN,ACCUMULATION,transition,MARKDOWN->ACCUMULATION,0.026825602415897265,0.07080767712308766,0.06388136614557727
2024-08-05,ITDF,MARKDOWN->ACCUMULATION,MARKDOWN,ACCUMULATION,transition,MARKDOWN->ACCUMULATION,0.028213914849428923,0.0778816199376946,0.06720318449290397
2025-04-07,ITEQ,MARKDOWN->ACCUMULATION,MARKDOWN,ACCUMULATION,transition,MARKDOWN->ACCUMULATION,0.06965321788806578,0.040522627867535466,0.13030438275461953
2024-12-16,ITIC,MARKUP->DISTRIBUTION,MARKUP,DISTRIBUTION,transition,MARKUP->DISTRIBUTION,-0.1110861591436485,-0.11385582753200096,-0.14668014072909652
2024-05-02,ITRI,MARKDOWN->ACCUMULATION,MARKDOWN,ACCUMULATION,transition,MARKDOWN->ACCUMULATION,0.08735724303746761,0.08815868563414164,0.07743939090362661
2025-02-18,ITRN,ACCUMULATION->MARKUP,ACCUMULATION,MARKUP,transition,ACCUMULATION->MARKUP,-0.030178657653307628,-0.04587155963302747,-0.09729599227426367
2025-05-28,ITRN,MARKUP->DISTRIBUTION,MARKUP,DISTRIBUTION,transition,MARKUP->DISTRIBUTION,0.01766122558201766,-0.030505753278030512,0.007492641156007451
2025-04-09,ITUB,MARKDOWN->ACCUMULATION,MARKDOWN,ACCUMULATION,transition,MARKDOWN->ACCUMULATION,0.014519056261343088,0.11433756805807627,0.12885662431941913
2025-08-14,IVA,MARKDOWN->ACCUMULATION,MARKDOWN,ACCUMULATION,transition,MARKDOWN->ACCUMULATION,0.009478672985782088,0.5047393364928909,0.3293838862559244
2024-04-12,IVAL,MARKUP->DISTRIBUTION,MARKUP,DISTRIBUTION,transition,MARKUP->DISTRIBUTION,-0.022086824067022115,-0.016755521706016796,0.0011424219345010922
2024-04-30,IVAL,DISTRIBUTION->MARKDOWN,DISTRIBUTION,MARKDOWN,transition,DISTRIBUTION->MARKDOWN,0.016731517509727567,0.033463035019455134,0.01828793774319082
2024-11-21,IVDA,ACCUMULATION->MARKUP,ACCUMULATION,MARKUP,transition,ACCUMULATION->MARKUP,-0.20524017467248912,-0.18777292576419213,0.28820960698689957
2024-09-17,IVES,MARKDOWN->ACCUMULATION,MARKDOWN,ACCUMULATION,transition,MARKDOWN->ACCUMULATION,0.03749389191830521,0.02423340872039481,0.06274999891892352
2024-12-20,IVLU,MARKDOWN->ACCUMULATION,MARKDOWN,ACCUMULATION,transition,MARKDOWN->ACCUMULATION,0.013079222720478345,0.01943198804185342,0.04260089686098634
2024-06-06,IVP,MARKUP->DISTRIBUTION,MARKUP,DISTRIBUTION,transition,MARKUP->DISTRIBUTION,-0.27459016393442626,-0.46311475409836067,0.21721311475409855
2024-12-20,IVR,MARKUP->DISTRIBUTION,MARKUP,DISTRIBUTION,transition,MARKUP->DISTRIBUTION,-0.077658303464755,-0.03345280764635594,-0.03345280764635594
2025-10-29,IVRS,MARKUP->DISTRIBUTION,MARKUP,DISTRIBUTION,transition,MARKUP->DISTRIBUTION,-0.04714726880614428,-0.060370822305619076,-0.07983862946637588
2024-06-27,IVVD,MARKUP->DISTRIBUTION,MARKUP,DISTRIBUTION,transition,MARKUP->DISTRIBUTION,-0.04166666666666674,-0.008333333333333304,0.10000000000000009
2024-08-05,IVW,MARKDOWN->ACCUMULATION,MARKDOWN,ACCUMULATION,transition,MARKDOWN->ACCUMULATION,0.04270378671699904,0.10640556800754997,0.06617907278518342
2025-07-31,IWF,ACCUMULATION->MARKUP,ACCUMULATION,MARKUP,transition,ACCUMULATION->MARKUP,0.004268749574260378,0.022751526986217296,0.023909538838809308
2025-02-03,IWFG,MARKUP->DISTRIBUTION,MARKUP,DISTRIBUTION,transition,MARKUP->DISTRIBUTION,0.022611388339662586,0.02084549477450337,-0.05228635093996181
2025-03-27,IWMW,MARKUP->DISTRIBUTION,MARKUP,DISTRIBUTION,transition,MARKUP->DISTRIBUTION,-0.0798189240336531,-0.11854771854433477,-0.07073370570079918
2025-04-07,IWMW,DISTRIBUTION->MARKDOWN,DISTRIBUTION,MARKDOWN,transition,DISTRIBUTION->MARKDOWN,0.03698478561549101,0.04011618257261418,0.057748271092669556
2025-08-01,IWMW,MARKDOWN->ACCUMULATION,MARKDOWN,ACCUMULATION,transition,MARKDOWN->ACCUMULATION,0.003243877019280861,0.02662063574778517,0.05315007816571127
2024-12-17,IWO,MARKUP->DISTRIBUTION,MARKUP,DISTRIBUTION,transition,MARKUP->DISTRIBUTION,-0.02996056076624809,-0.042852881715440994,-0.02343154475855891
2025-10-14,IWR,MARKDOWN->ACCUMULATION,MARKDOWN,ACCUMULATION,transition,MARKDOWN->ACCUMULATION,0.008753647353063831,0.007190496040016869,0.00468945393914133
2024-04-19,IWY,DISTRIBUTION->MARKDOWN,DISTRIBUTION,MARKDOWN,transition,DISTRIBUTION->MARKDOWN,0.03764436696448037,0.050228808019176174,0.08765526258444112
2024-08-01,IWY,MARKUP->DISTRIBUTION,MARKUP,DISTRIBUTION,transition,MARKUP->DISTRIBUTION,-0.026661495952300163,0.0329148286392944,0.027097774976974076
2024-06-07,IXG,MARKUP->DISTRIBUTION,MARKUP,DISTRIBUTION,transition,MARKUP->DISTRIBUTION,-0.04580597536811848,-0.020034829270299426,-0.011311513999126999
2024-08-14,IXHL,MARKUP->DISTRIBUTION,MARKUP,DISTRIBUTION,transition,MARKUP->DISTRIBUTION,0.01621621621621605,-0.04864864864864871,-0.15135135135135136
2025-07-23,IXHL,MARKDOWN->ACCUMULATION,MARKDOWN,ACCUMULATION,transition,MARKDOWN->ACCUMULATION,-0.12871287128712872,-0.6584158415841584,-0.599009900990099
2025-09-30,IXJ,MARKUP->DISTRIBUTION,MARKUP,DISTRIBUTION,transition,MARKUP->DISTRIBUTION,0.04051004287971094,0.026404874746106755,0.03712480252764605
2024-07-01,IYLD,MARKDOWN->ACCUMULATION,MARKDOWN,ACCUMULATION,transition,MARKDOWN->ACCUMULATION,-0.00035242823050829486,0.01461570218807573,0.008951677054908291
2024-11-06,IYM,MARKDOWN->ACCUMULATION,MARKDOWN,ACCUMULATION,transition,MARKDOWN->ACCUMULATION,-0.03151118571466027,-0.027352045319639307,-0.03415980591126322
2025-03-04,IYW,MARKDOWN->ACCUMULATION,MARKDOWN,ACCUMULATION,transition,MARKDOWN->ACCUMULATION,-0.0522034802320156,-0.039002600173345,-0.054203613574238196
2024-08-05,IYY,MARKDOWN->ACCUMULATION,MARKDOWN,ACCUMULATION,transition,MARKDOWN->ACCUMULATION,0.031130291807725863,0.08117537245198947,0.0677036539969118
2025-07-21,IZEA,MARKDOWN->ACCUMULATION,MARKDOWN,ACCUMULATION,transition,MARKDOWN->ACCUMULATION,0.053333333333333455,0.058666666666666645,0.14000000000000012
2024-10-02,IZRL,MARKDOWN->ACCUMULATION,MARKDOWN,ACCUMULATION,transition,MARKDOWN->ACCUMULATION,-0.006687242798354087,0.023662551440329027,0.057613168724279795
2025-05-19,JACK,MARKUP->DISTRIBUTION,MARKUP,DISTRIBUTION,transition,MARKUP->DISTRIBUTION,-0.07419208010923983,-0.11879836140191169,-0.1975421028675467
2025-07-10,JAGX,MARKUP->DISTRIBUTION,MARKUP,DISTRIBUTION,transition,MARKUP->DISTRIBUTION,-0.11787072243346008,-0.1216730038022813,-0.20152091254752846
2025-02-21,JAKK,MARKUP->DISTRIBUTION,MARKUP,DISTRIBUTION,transition,MARKUP->DISTRIBUTION,-0.09748375270788201,-0.14380936510581566,-0.18046992167971998
2025-04-03,JAMF,MARKUP->DISTRIBUTION,MARKUP,DISTRIBUTION,transition,MARKUP->DISTRIBUTION,-0.043965517241379315,-0.0672413793103448,-0.010344827586206806
2025-03-28,JANX,MARKUP->DISTRIBUTION,MARKUP,DISTRIBUTION,transition,MARKUP->DISTRIBUTION,-0.11443298969072169,-0.010309278350515538,0.10756013745704451
2025-08-07,JAZZ,MARKDOWN->ACCUMULATION,MARKDOWN,ACCUMULATION,transition,MARKDOWN->ACCUMULATION,0.04095289079229114,0.07539257673090649,0.1554246966452535
2024-04-15,JBHT,MARKUP->DISTRIBUTION,MARKUP,DISTRIBUTION,transition,MARKUP->DISTRIBUTION,-0.095732036736899,-0.12393300918422478,-0.08498109130199882
2024-09-10,JBI,DISTRIBUTION->MARKDOWN,DISTRIBUTION,MARKDOWN,transition,DISTRIBUTION->MARKDOWN,0.05338809034907599,0.03182751540041062,0.022587268993840004
2024-08-30,JBL,MARKDOWN->ACCUMULATION,MARKDOWN,ACCUMULATION,transition,MARKDOWN->ACCUMULATION,-0.060395314787701215,-0.03257686676427529,0.09654099560761353
2025-10-14,JBLU,MARKDOWN->ACCUMULATION,MARKDOWN,ACCUMULATION,transition,MARKDOWN->ACCUMULATION,-0.050916496945010215,-0.15274949083503053,-0.11608961303462328
2025-02-06,JBSS,MARKUP->DISTRIBUTION,MARKUP,DISTRIBUTION,transition,MARKUP->DISTRIBUTION,0.02704616256018122,0.03625035400736332,0.05607476635514019
2025-03-06,JCHI,MARKUP->DISTRIBUTION,MARKUP,DISTRIBUTION,transition,MARKUP->DISTRIBUTION,-0.010360811050999397,0.0014538686285903157,-0.05006460528864687
2024-12-17,JCI,MARKUP->DISTRIBUTION,MARKUP,DISTRIBUTION,transition,MARKUP->DISTRIBUTION,-0.010507025045815466,-0.035430665852168475,-0.008674404398289481
2024-11-12,JD,MARKUP->DISTRIBUTION,MARKUP,DISTRIBUTION,transition,MARKUP->DISTRIBUTION,-0.025207756232687117,-0.021329639889196783,0.05844875346260392
2024-12-18,JDOC,MARKUP->DISTRIBUTION,MARKUP,DISTRIBUTION,transition,MARKUP->DISTRIBUTION,-0.0012270057758578812,-0.0061660923166528825,0.029603455807406753
2025-04-04,JDST,MARKDOWN->ACCUMULATION,MARKDOWN,ACCUMULATION,transition,MARKDOWN->ACCUMULATION,-0.3273930753564155,-0.409877800407332,-0.3406313645621182
2024-08-01,JEF,MARKUP->DISTRIBUTION,MARKUP,DISTRIBUTION,transition,MARKUP->DISTRIBUTION,-0.01984408221119771,0.012048192771084265,0.04730687455705174
2025-04-08,JELD,MARKUP->DISTRIBUTION,MARKUP,DISTRIBUTION,transition,MARKUP->DISTRIBUTION,0.005870841487279677,0.001956947162426559,-0.2093933463796478
2025-03-17,JEMA,MARKUP->DISTRIBUTION,MARKUP,DISTRIBUTION,transition,MARKUP->DISTRIBUTION,-0.014786967418546237,-0.04110275689223064,-0.08095238095238089
2025-08-22,JETS,ACCUMULATION->MARKUP,ACCUMULATION,MARKUP,transition,ACCUMULATION->MARKUP,0.003432494279176135,-0.003432494279176246,-0.019069412662090057
2025-09-26,JFB,MARKDOWN->ACCUMULATION,MARKDOWN,ACCUMULATION,transition,MARKDOWN->ACCUMULATION,1.2496350364963504,1.099270072992701,0.889051094890511
2025-06-16,JFBR,ACCUMULATION->MARKUP,ACCUMULATION,MARKUP,transition,ACCUMULATION->MARKUP,0.11317857142857135,0.12678571428571428,0.07499999999999996
2024-10-01,JFIN,ACCUMULATION->MARKUP,ACCUMULATION,MARKUP,transition,ACCUMULATION->MARKUP,-0.013333333333333308,-0.08799999999999997,-0.1213333333333334
2025-09-02,JGRW,MARKDOWN->ACCUMULATION,MARKDOWN,ACCUMULATION,transition,MARKDOWN->ACCUMULATION,0.016557624370294954,0.015425189711022247,0.026587759923852206
2025-03-10,JHCR,MARKUP->DISTRIBUTION,MARKUP,DISTRIBUTION,transition,MARKUP->DISTRIBUTION,-0.005428890243033835,-0.006022427806047781,-0.006046169308568383
2024-12-31,JHDV,MARKDOWN->ACCUMULATION,MARKDOWN,ACCUMULATION,transition,MARKDOWN->ACCUMULATION,0.005974857798384248,0.008797802377009223,0.011277719825562249
2025-10-14,JHMD,MARKDOWN->ACCUMULATION,MARKDOWN,ACCUMULATION,transition,MARKDOWN->ACCUMULATION,0.013829519738496332,0.025773195876288568,0.0315338194619057
2024-06-24,JHMU,MARKUP->DISTRIBUTION,MARKUP,DISTRIBUTION,transition,MARKUP->DISTRIBUTION,-0.030555555555555558,-0.026666666666666616,-0.020740740740740726
2024-04-29,JIVE,MARKUP->DISTRIBUTION,MARKUP,DISTRIBUTION,transition,MARKUP->DISTRIBUTION,0.01387284287011803,0.02416893732970027,0.03521525885558585
2024-06-21,JKS,MARKDOWN->ACCUMULATION,MARKDOWN,ACCUMULATION,transition,MARKDOWN->ACCUMULATION,-0.09952194697957417,-0.08213820078226863,-0.06388526727509791
2024-10-07,JKS,ACCUMULATION->MARKUP,ACCUMULATION,MARKUP,transition,ACCUMULATION->MARKUP,-0.29447665547757096,-0.37686908758010373,-0.15044247787610632
2025-07-31,JLQD,MARKDOWN->ACCUMULATION,MARKDOWN,ACCUMULATION,transition,MARKDOWN->ACCUMULATION,0.0032853171594644515,0.0026089991215085817,0.00689555579623824
2025-07-01,JMEE,MARKUP->DISTRIBUTION,MARKUP,DISTRIBUTION,transition,MARKUP->DISTRIBUTION,0.014330944842526172,0.0016663889351775651,0.011998000333277803
2025-10-14,JNK,MARKDOWN->ACCUMULATION,MARKDOWN,ACCUMULATION,transition,MARKDOWN->ACCUMULATION,0.004021447721179738,0.009589606104351445,0.0028871932357186214
2025-06-11,JOUT,MARKDOWN->ACCUMULATION,MARKDOWN,ACCUMULATION,transition,MARKDOWN->ACCUMULATION,-0.024148197155143936,-0.01786304995038035,0.03225272907707577
2024-05-02,JPEM,MARKDOWN->ACCUMULATION,MARKDOWN,ACCUMULATION,transition,MARKDOWN->ACCUMULATION,0.01313217655481802,0.02919531844076273,0.00251718199026163
2024-06-18,JPIB,MARKUP->DISTRIBUTION,MARKUP,DISTRIBUTION,transition,MARKUP->DISTRIBUTION,-0.002643544464417946,-0.002432060907264333,0.0049698635931056945
2024-05-03,JPMB,MARKDOWN->ACCUMULATION,MARKDOWN,ACCUMULATION,transition,MARKDOWN->ACCUMULATION,0.0026002239873903488,0.010564220088350451,0.0061492834477467895
2025-07-30,JQUA,ACCUMULATION->MARKUP,ACCUMULATION,MARKUP,transition,ACCUMULATION->MARKUP,0.0,0.016592738623295578,0.015278462296697937
2024-11-29,JSM,MARKUP->DISTRIBUTION,MARKUP,DISTRIBUTION,transition,MARKUP->DISTRIBUTION,-0.031522793404461735,-0.0552861299709021,-0.10960232783705148
2025-01-14,JSPR,MARKUP->DISTRIBUTION,MARKUP,DISTRIBUTION,transition,MARKUP->DISTRIBUTION,0.023850085178875657,-0.015332197614991494,-0.06473594548551953
2024-12-18,JTAI,MARKUP->DISTRIBUTION,MARKUP,DISTRIBUTION,transition,MARKUP->DISTRIBUTION,0.5463917525773196,0.19329896907216493,-0.07216494845360821
2024-07-17,JUCY,MARKUP->DISTRIBUTION,MARKUP,DISTRIBUTION,transition,MARKUP->DISTRIBUTION,-0.0021057155135366656,-0.0025784271594326835,0.004959174903309105
2025-07-01,JULH,MARKDOWN->ACCUMULATION,MARKDOWN,ACCUMULATION,transition,MARKDOWN->ACCUMULATION,0.002016129032258007,0.0022177419354838523,0.007483870967742057
2025-04-09,JULP,MARKDOWN->ACCUMULATION,MARKDOWN,ACCUMULATION,transition,MARKDOWN->ACCUMULATION,-0.021481027916093742,0.0026071451952665026,0.023344924924231014
2024-11-29,JWEL,MARKUP->DISTRIBUTION,MARKUP,DISTRIBUTION,transition,MARKUP->DISTRIBUTION,-0.014185303514376968,-0.015974440894568676,-0.14910543130990417
2024-08-05,JXN,MARKDOWN->ACCUMULATION,MARKDOWN,ACCUMULATION,transition,MARKDOWN->ACCUMULATION,0.184081041968162,0.28292329956584683,0.23979739507959486
2024-11-01,JXN,ACCUMULATION->MARKUP,ACCUMULATION,MARKUP,transition,ACCUMULATION->MARKUP,0.10140358014646078,0.023494711147274305,0.020951993490642806
2024-12-09,JXN,MARKUP->DISTRIBUTION,MARKUP,DISTRIBUTION,transition,MARKUP->DISTRIBUTION,-0.01982612383375737,-0.05534351145038163,-0.060538592027141624
2024-06-13,JZ,MARKUP->DISTRIBUTION,MARKUP,DISTRIBUTION,transition,MARKUP->DISTRIBUTION,-0.1278195488721806,-0.34586466165413543,-0.27812030075187977
2024-04-02,JZXN,MARKUP->DISTRIBUTION,MARKUP,DISTRIBUTION,transition,MARKUP->DISTRIBUTION,-0.8624,-0.8768,-0.892
2025-09-25,KALA,MARKUP->DISTRIBUTION,MARKUP,DISTRIBUTION,transition,MARKUP->DISTRIBUTION,-0.9154774972557629,-0.9149286498353457,-0.9570691547749726
2025-10-14,KARO,MARKUP->DISTRIBUTION,MARKUP,DISTRIBUTION,transition,MARKUP->DISTRIBUTION,-0.18023049645390066,-0.1969858156028369,-0.20106382978723403
2024-12-09,KARS,MARKUP->DISTRIBUTION,MARKUP,DISTRIBUTION,transition,MARKUP->DISTRIBUTION,-0.05810730632310557,-0.085878962536023,-0.1055687404644855
2024-07-17,KAVL,MARKUP->DISTRIBUTION,MARKUP,DISTRIBUTION,transition,MARKUP->DISTRIBUTION,-0.11904761904761896,-0.2412698412698413,-0.365079365079365
2025-08-22,KBA,MARKUP->DISTRIBUTION,MARKUP,DISTRIBUTION,transition,MARKUP->DISTRIBUTION,0.03354746609564607,0.028015703069236286,0.059600285510349904
2024-10-25,KBDC,MARKUP->DISTRIBUTION,MARKUP,DISTRIBUTION,transition,MARKUP->DISTRIBUTION,-0.003669724770642313,0.009785932721712465,0.006116207951070152
2024-12-16,KBR,MARKUP->DISTRIBUTION,MARKUP,DISTRIBUTION,transition,MARKUP->DISTRIBUTION,-0.02030716723549497,-0.01143344709897609,0.020477815699658564
2025-08-13,KBWB,MARKDOWN->ACCUMULATION,MARKDOWN,ACCUMULATION,transition,MARKDOWN->ACCUMULATION,-0.004033884630899709,0.04168347451929533,0.049078929675944405
2024-11-06,KBWD,MARKUP->DISTRIBUTION,MARKUP,DISTRIBUTION,transition,MARKUP->DISTRIBUTION,0.0019736842105264607,-0.007894736842105177,0.004605263157894779
2025-04-04,KBWD,DISTRIBUTION->MARKDOWN,DISTRIBUTION,MARKDOWN,transition,DISTRIBUTION->MARKDOWN,-0.05223315669947015,-0.04390613171839519,0.017411052233156532
2025-06-26,KBWD,MARKDOWN->ACCUMULATION,MARKDOWN,ACCUMULATION,transition,MARKDOWN->ACCUMULATION,0.03483309143686508,0.03483309143686508,0.03483309143686508
2025-04-03,KBWY,MARKUP->DISTRIBUTION,MARKUP,DISTRIBUTION,transition,MARKUP->DISTRIBUTION,-0.08192620387742344,-0.03001876172607887,-0.02564102564102566
2025-09-09,KC,MARKUP->DISTRIBUTION,MARKUP,DISTRIBUTION,transition,MARKUP->DISTRIBUTION,-0.007416563658838138,-0.007416563658838138,-0.08961681087762663
2025-09-30,KCSH,MARKDOWN->ACCUMULATION,MARKDOWN,ACCUMULATION,transition,MARKDOWN->ACCUMULATION,0.0011961722488038617,0.002192982456140413,0.0035885167464115852
2025-05-07,KE,MARKDOWN->ACCUMULATION,MARKDOWN,ACCUMULATION,transition,MARKDOWN->ACCUMULATION,-0.010337323177366575,-0.0467899891186071,0.008705114254624613
2025-10-09,KE,MARKUP->DISTRIBUTION,MARKUP,DISTRIBUTION,transition,MARKUP->DISTRIBUTION,0.02271139063591887,0.0506638714185883,-0.01607267645003496
2024-11-13,KELYA,MARKUP->DISTRIBUTION,MARKUP,DISTRIBUTION,transition,MARKUP->DISTRIBUTION,-0.10969387755102034,-0.06058673469387754,-0.11415816326530603
2024-05-13,KEMQ,MARKDOWN->ACCUMULATION,MARKDOWN,ACCUMULATION,transition,MARKDOWN->ACCUMULATION,0.027278363298202102,-0.021078735275883442,-0.02510849349039057
2025-02-26,KEMQ,MARKUP->DISTRIBUTION,MARKUP,DISTRIBUTION,transition,MARKUP->DISTRIBUTION,0.008871211358372877,-0.014857516866377929,-0.03698016312556629
2024-12-26,KEN,MARKDOWN->ACCUMULATION,MARKDOWN,ACCUMULATION,transition,MARKDOWN->ACCUMULATION,-0.011819595645412129,0.006531881804043627,-0.06251944012441679
2025-04-07,KEP,MARKDOWN->ACCUMULATION,MARKDOWN,ACCUMULATION,transition,MARKDOWN->ACCUMULATION,0.08959156785243749,0.18972332015810278,0.23847167325428198
2025-01-23,KEQU,MARKUP->DISTRIBUTION,MARKUP,DISTRIBUTION,transition,MARKUP->DISTRIBUTION,0.04887649663769067,0.06117762834180751,-0.10414958176152211
