symbol,date,transition,prior_regime,new_regime,detector,event
AADR,2024-06-12,MARKUP->DISTRIBUTION,MARKUP,DISTRIBUTION,transition,MARKUP->DISTRIBUTION
AAMI,2025-09-04,MARKUP->DISTRIBUTION,MARKUP,DISTRIBUTION,transition,MARKUP->DISTRIBUTION
AAP,2024-08-23,MARKUP->DISTRIBUTION,MARKUP,DISTRIBUTION,transition,MARKUP->DISTRIBUTION
AAPD,2024-03-19,MARKUP->DISTRIBUTION,MARKUP,DISTRIBUTION,transition,MARKUP->DISTRIBUTION
AAPG,2025-04-08,MARKUP->DISTRIBUTION,MARKUP,DISTRIBUTION,transition,MARKUP->DISTRIBUTION
AAPL,2024-04-11,MARKDOWN->ACCUMULATION,MARKDOWN,ACCUMULATION,transition,MARKDOWN->ACCUMULATION
AB,2024-12-20,MARKUP->DISTRIBUTION,MARKUP,DISTRIBUTION,transition,MARKUP->DISTRIBUTION
ABBV,2025-04-09,MARKDOWN->ACCUMULATION,MARKDOWN,ACCUMULATION,transition,MARKDOWN->ACCUMULATION
ABCB,2024-07-09,MARKDOWN->ACCUMULATION,MARKDOWN,ACCUMULATION,transition,MARKDOWN->ACCUMULATION
ABCB,2024-11-06,ACCUMULATION->MARKUP,ACCUMULATION,MARKUP,transition,ACCUMULATION->MARKUP
ABCS,2025-01-13,MARKDOWN->ACCUMULATION,MARKDOWN,ACCUMULATION,transition,MARKDOWN->ACCUMULATION
ABLV,2024-05-30,DISTRIBUTION->MARKDOWN,DISTRIBUTION,MARKDOWN,transition,DISTRIBUTION->MARKDOWN
ABLV,2025-03-07,MARKDOWN->ACCUMULATION,MARKDOWN,ACCUMULATION,transition,MARKDOWN->ACCUMULATION
ABM,2025-03-10,MARKUP->DISTRIBUTION,MARKUP,DISTRIBUTION,transition,MARKUP->DISTRIBUTION
ABNB,2025-02-14,MARKUP->DISTRIBUTION,MARKUP,DISTRIBUTION,transition,MARKUP->DISTRIBUTION
ABOS,2024-06-17,MARKUP->DISTRIBUTION,MARKUP,DISTRIBUTION,transition,MARKUP->DISTRIBUTION
ABR,2025-07-22,MARKUP->DISTRIBUTION,MARKUP,DISTRIBUTION,transition,MARKUP->DISTRIBUTION
ABSI,2024-09-10,MARKDOWN->ACCUMULATION,MARKDOWN,ACCUMULATION,transition,MARKDOWN->ACCUMULATION
ABT,2025-10-01,MARKUP->DISTRIBUTION,MARKUP,DISTRIBUTION,transition,MARKUP->DISTRIBUTION
ABTS,2025-10-08,MARKUP->DISTRIBUTION,MARKUP,DISTRIBUTION,transition,MARKUP->DISTRIBUTION
ACA,2024-11-12,ACCUMULATION->MARKUP,ACCUMULATION,MARKUP,transition,ACCUMULATION->MARKUP
ACB,2024-09-04,MARKUP->DISTRIBUTION,MARKUP,DISTRIBUTION,transition,MARKUP->DISTRIBUTION
ACDC,2024-10-21,MARKUP->DISTRIBUTION,MARKUP,DISTRIBUTION,transition,MARKUP->DISTRIBUTION
ACES,2025-08-22,MARKUP->DISTRIBUTION,MARKUP,DISTRIBUTION,transition,MARKUP->DISTRIBUTION
ACET,2024-11-13,MARKUP->DISTRIBUTION,MARKUP,DISTRIBUTION,transition,MARKUP->DISTRIBUTION
ACET,2025-10-06,MARKDOWN->ACCUMULATION,MARKDOWN,ACCUMULATION,transition,MARKDOWN->ACCUMULATION
ACGLN,2025-04-21,MARKDOWN->ACCUMULATION,MARKDOWN,ACCUMULATION,transition,MARKDOWN->ACCUMULATION
ACHC,2024-03-20,MARKUP->DISTRIBUTION,MARKUP,DISTRIBUTION,transition,MARKUP->DISTRIBUTION
ACHV,2024-11-08,MARKDOWN->ACCUMULATION,MARKDOWN,ACCUMULATION,transition,MARKDOWN->ACCUMULATION
ACI,2024-06-18,MARKUP->DISTRIBUTION,MARKUP,DISTRIBUTION,transition,MARKUP->DISTRIBUTION
ACIU,2024-06-24,MARKUP->DISTRIBUTION,MARKUP,DISTRIBUTION,transition,MARKUP->DISTRIBUTION
ACMR,2024-10-04,MARKDOWN->ACCUMULATION,MARKDOWN,ACCUMULATION,transition,MARKDOWN->ACCUMULATION
ACN,2025-04-16,MARKUP->DISTRIBUTION,MARKUP,DISTRIBUTION,transition,MARKUP->DISTRIBUTION
ACON,2025-10-10,MARKUP->DISTRIBUTION,MARKUP,DISTRIBUTION,transition,MARKUP->DISTRIBUTION
ACRV,2025-03-26,MARKUP->DISTRIBUTION,MARKUP,DISTRIBUTION,transition,MARKUP->DISTRIBUTION
ACSI,2024-12-16,MARKUP->DISTRIBUTION,MARKUP,DISTRIBUTION,transition,MARKUP->DISTRIBUTION
ACT,2024-10-29,MARKDOWN->ACCUMULATION,MARKDOWN,ACCUMULATION,transition,MARKDOWN->ACCUMULATION
ACTG,2024-03-15,ACCUMULATION->MARKUP,ACCUMULATION,MARKUP,transition,ACCUMULATION->MARKUP
ADAG,2024-08-23,MARKUP->DISTRIBUTION,MARKUP,DISTRIBUTION,transition,MARKUP->DISTRIBUTION
ADBE,2025-04-03,MARKUP->DISTRIBUTION,MARKUP,DISTRIBUTION,transition,MARKUP->DISTRIBUTION
ADBE,2025-06-16,MARKDOWN->ACCUMULATION,MARKDOWN,ACCUMULATION,transition,MARKDOWN->ACCUMULATION
ADCT,2024-03-13,ACCUMULATION->MARKUP,ACCUMULATION,MARKUP,transition,ACCUMULATION->MARKUP
ADCT,2024-05-21,MARKUP->DISTRIBUTION,MARKUP,DISTRIBUTION,transition,MARKUP->DISTRIBUTION
ADCT,2024-11-07,DISTRIBUTION->MARKDOWN,DISTRIBUTION,MARKDOWN,transition,DISTRIBUTION->MARKDOWN
ADGM,2024-12-23,MARKUP->DISTRIBUTION,MARKUP,DISTRIBUTION,transition,MARKUP->DISTRIBUTION
ADI,2024-11-25,MARKDOWN->ACCUMULATION,MARKDOWN,ACCUMULATION,transition,MARKDOWN->ACCUMULATION
ADIL,2025-05-01,MARKUP->DISTRIBUTION,MARKUP,DISTRIBUTION,transition,MARKUP->DISTRIBUTION
ADIV,2024-10-14,MARKUP->DISTRIBUTION,MARKUP,DISTRIBUTION,transition,MARKUP->DISTRIBUTION
ADMA,2024-10-17,MARKUP->DISTRIBUTION,MARKUP,DISTRIBUTION,transition,MARKUP->DISTRIBUTION
ADNT,2024-08-02,MARKUP->DISTRIBUTION,MARKUP,DISTRIBUTION,transition,MARKUP->DISTRIBUTION
ADPV,2024-06-03,MARKUP->DISTRIBUTION,MARKUP,DISTRIBUTION,transition,MARKUP->DISTRIBUTION
ADSE,2025-06-03,DISTRIBUTION->MARKDOWN,DISTRIBUTION,MARKDOWN,transition,DISTRIBUTION->MARKDOWN
ADSE,2025-10-31,MARKDOWN->ACCUMULATION,MARKDOWN,ACCUMULATION,transition,MARKDOWN->ACCUMULATION
ADSK,2024-04-02,MARKUP->DISTRIBUTION,MARKUP,DISTRIBUTION,transition,MARKUP->DISTRIBUTION
ADTN,2025-01-08,ACCUMULATION->MARKUP,ACCUMULATION,MARKUP,transition,ACCUMULATION->MARKUP
ADUR,2025-10-21,MARKUP->DISTRIBUTION,MARKUP,DISTRIBUTION,transition,MARKUP->DISTRIBUTION
ADUS,2024-06-10,MARKDOWN->ACCUMULATION,MARKDOWN,ACCUMULATION,transition,MARKDOWN->ACCUMULATION
AEE,2024-09-25,MARKDOWN->ACCUMULATION,MARKDOWN,ACCUMULATION,transition,MARKDOWN->ACCUMULATION
AEG,2025-07-07,ACCUMULATION->MARKUP,ACCUMULATION,MARKUP,transition,ACCUMULATION->MARKUP
AEHL,2024-07-10,ACCUMULATION->MARKUP,ACCUMULATION,MARKUP,transition,ACCUMULATION->MARKUP
AEHL,2025-01-07,DISTRIBUTION->MARKDOWN,DISTRIBUTION,MARKDOWN,transition,DISTRIBUTION->MARKDOWN
AEI,2024-05-28,MARKDOWN->ACCUMULATION,MARKDOWN,ACCUMULATION,transition,MARKDOWN->ACCUMULATION
AEIS,2025-02-14,MARKDOWN->ACCUMULATION,MARKDOWN,ACCUMULATION,transition,MARKDOWN->ACCUMULATION
AEMD,2024-05-13,MARKUP->DISTRIBUTION,MARKUP,DISTRIBUTION,transition,MARKUP->DISTRIBUTION
AEON,2024-05-23,MARKUP->DISTRIBUTION,MARKUP,DISTRIBUTION,transition,MARKUP->DISTRIBUTION
AER,2024-08-05,MARKDOWN->ACCUMULATION,MARKDOWN,ACCUMULATION,transition,MARKDOWN->ACCUMULATION
AERT,2024-09-10,MARKDOWN->ACCUMULATION,MARKDOWN,ACCUMULATION,transition,MARKDOWN->ACCUMULATION
AES,2025-10-01,MARKUP->DISTRIBUTION,MARKUP,DISTRIBUTION,transition,MARKUP->DISTRIBUTION
AEYE,2025-07-25,MARKUP->DISTRIBUTION,MARKUP,DISTRIBUTION,transition,MARKUP->DISTRIBUTION
AFIF,2024-10-17,MARKDOWN->ACCUMULATION,MARKDOWN,ACCUMULATION,transition,MARKDOWN->ACCUMULATION
AFL,2024-05-02,MARKDOWN->ACCUMULATION,MARKDOWN,ACCUMULATION,transition,MARKDOWN->ACCUMULATION
AFMC,2024-12-16,MARKUP->DISTRIBUTION,MARKUP,DISTRIBUTION,transition,MARKUP->DISTRIBUTION
AFRM,2024-11-08,MARKDOWN->ACCUMULATION,MARKDOWN,ACCUMULATION,transition,MARKDOWN->ACCUMULATION
AFSM,2024-12-16,MARKUP->DISTRIBUTION,MARKUP,DISTRIBUTION,transition,MARKUP->DISTRIBUTION
AFYA,2025-05-12,MARKUP->DISTRIBUTION,MARKUP,DISTRIBUTION,transition,MARKUP->DISTRIBUTION
AGEN,2024-11-12,DISTRIBUTION->MARKDOWN,DISTRIBUTION,MARKDOWN,transition,DISTRIBUTION->MARKDOWN
AGEN,2025-01-21,MARKDOWN->ACCUMULATION,MARKDOWN,ACCUMULATION,transition,MARKDOWN->ACCUMULATION
AGG,2024-11-07,MARKDOWN->ACCUMULATION,MARKDOWN,ACCUMULATION,transition,MARKDOWN->ACCUMULATION
AGL,2024-10-16,MARKUP->DISTRIBUTION,MARKUP,DISTRIBUTION,transition,MARKUP->DISTRIBUTION
AGM,2025-02-21,MARKUP->DISTRIBUTION,MARKUP,DISTRIBUTION,transition,MARKUP->DISTRIBUTION
AGMH,2025-02-27,MARKUP->DISTRIBUTION,MARKUP,DISTRIBUTION,transition,MARKUP->DISTRIBUTION
AGNCL,2024-05-24,MARKDOWN->ACCUMULATION,MARKDOWN,ACCUMULATION,transition,MARKDOWN->ACCUMULATION
AGNCL,2024-10-17,ACCUMULATION->MARKUP,ACCUMULATION,MARKUP,transition,ACCUMULATION->MARKUP
AGNCL,2025-03-17,MARKUP->DISTRIBUTION,MARKUP,DISTRIBUTION,transition,MARKUP->DISTRIBUTION
AGO,2024-05-08,DISTRIBUTION->MARKDOWN,DISTRIBUTION,MARKDOWN,transition,DISTRIBUTION->MARKDOWN
AGO,2025-03-03,MARKDOWN->ACCUMULATION,MARKDOWN,ACCUMULATION,transition,MARKDOWN->ACCUMULATION
AGOX,2024-08-27,MARKUP->DISTRIBUTION,MARKUP,DISTRIBUTION,transition,MARKUP->DISTRIBUTION
AGX,2025-06-20,MARKDOWN->ACCUMULATION,MARKDOWN,ACCUMULATION,transition,MARKDOWN->ACCUMULATION
AGYS,2024-05-14,MARKDOWN->ACCUMULATION,MARKDOWN,ACCUMULATION,transition,MARKDOWN->ACCUMULATION
AHCO,2025-02-25,MARKDOWN->ACCUMULATION,MARKDOWN,ACCUMULATION,transition,MARKDOWN->ACCUMULATION
AHG,2024-11-14,MARKUP->DISTRIBUTION,MARKUP,DISTRIBUTION,transition,MARKUP->DISTRIBUTION
AHLT,2024-07-24,MARKUP->DISTRIBUTION,MARKUP,DISTRIBUTION,transition,MARKUP->DISTRIBUTION
AHT,2025-10-29,MARKUP->DISTRIBUTION,MARKUP,DISTRIBUTION,transition,MARKUP->DISTRIBUTION
AIBD,2025-04-03,MARKDOWN->ACCUMULATION,MARKDOWN,ACCUMULATION,transition,MARKDOWN->ACCUMULATION
AIFD,2025-03-04,MARKDOWN->ACCUMULATION,MARKDOWN,ACCUMULATION,transition,MARKDOWN->ACCUMULATION
AIHS,2025-10-21,MARKUP->DISTRIBUTION,MARKUP,DISTRIBUTION,transition,MARKUP->DISTRIBUTION
AIM,2025-06-17,ACCUMULATION->MARKUP,ACCUMULATION,MARKUP,transition,ACCUMULATION->MARKUP
AIM,2025-07-29,MARKUP->DISTRIBUTION,MARKUP,DISTRIBUTION,transition,MARKUP->DISTRIBUTION
AIMD,2024-07-12,MARKUP->DISTRIBUTION,MARKUP,DISTRIBUTION,transition,MARKUP->DISTRIBUTION
AIN,2025-04-08,MARKUP->DISTRIBUTION,MARKUP,DISTRIBUTION,transition,MARKUP->DISTRIBUTION
AIOT,2025-01-10,MARKUP->DISTRIBUTION,MARKUP,DISTRIBUTION,transition,MARKUP->DISTRIBUTION
AIP,2024-11-05,MARKDOWN->ACCUMULATION,MARKDOWN,ACCUMULATION,transition,MARKDOWN->ACCUMULATION
AIRE,2024-04-12,MARKUP->DISTRIBUTION,MARKUP,DISTRIBUTION,transition,MARKUP->DISTRIBUTION
AIV,2024-04-08,MARKDOWN->ACCUMULATION,MARKDOWN,ACCUMULATION,transition,MARKDOWN->ACCUMULATION
AIZ,2025-08-06,MARKUP->DISTRIBUTION,MARKUP,DISTRIBUTION,transition,MARKUP->DISTRIBUTION
AJAN,2025-07-18,ACCUMULATION->MARKUP,ACCUMULATION,MARKUP,transition,ACCUMULATION->MARKUP
AJG,2025-10-31,MARKDOWN->ACCUMULATION,MARKDOWN,ACCUMULATION,transition,MARKDOWN->ACCUMULATION
AKA,2024-05-01,ACCUMULATION->MARKUP,ACCUMULATION,MARKUP,transition,ACCUMULATION->MARKUP
AKA,2024-05-23,MARKUP->DISTRIBUTION,MARKUP,DISTRIBUTION,transition,MARKUP->DISTRIBUTION
AKAM,2024-05-10,MARKUP->DISTRIBUTION,MARKUP,DISTRIBUTION,transition,MARKUP->DISTRIBUTION
AKAM,2025-04-08,DISTRIBUTION->MARKDOWN,DISTRIBUTION,MARKDOWN,transition,DISTRIBUTION->MARKDOWN
AKAM,2025-08-07,MARKDOWN->ACCUMULATION,MARKDOWN,ACCUMULATION,transition,MARKDOWN->ACCUMULATION
AKAN,2024-07-26,MARKUP->DISTRIBUTION,MARKUP,DISTRIBUTION,transition,MARKUP->DISTRIBUTION
AKBA,2025-03-13,MARKDOWN->ACCUMULATION,MARKDOWN,ACCUMULATION,transition,MARKDOWN->ACCUMULATION
AKTX,2024-04-09,MARKUP->DISTRIBUTION,MARKUP,DISTRIBUTION,transition,MARKUP->DISTRIBUTION
ALAR,2025-06-09,MARKUP->DISTRIBUTION,MARKUP,DISTRIBUTION,transition,MARKUP->DISTRIBUTION
ALB,2024-08-01,MARKUP->DISTRIBUTION,MARKUP,DISTRIBUTION,transition,MARKUP->DISTRIBUTION
ALBT,2024-06-03,MARKDOWN->ACCUMULATION,MARKDOWN,ACCUMULATION,transition,MARKDOWN->ACCUMULATION
ALBT,2024-10-28,ACCUMULATION->MARKUP,ACCUMULATION,MARKUP,transition,ACCUMULATION->MARKUP
ALC,2025-04-09,MARKUP->DISTRIBUTION,MARKUP,DISTRIBUTION,transition,MARKUP->DISTRIBUTION
ALCO,2025-01-06,ACCUMULATION->MARKUP,ACCUMULATION,MARKUP,transition,ACCUMULATION->MARKUP
ALCO,2025-04-04,MARKUP->DISTRIBUTION,MARKUP,DISTRIBUTION,transition,MARKUP->DISTRIBUTION
ALDX,2024-09-04,ACCUMULATION->MARKUP,ACCUMULATION,MARKUP,transition,ACCUMULATION->MARKUP
ALDX,2024-09-23,MARKUP->DISTRIBUTION,MARKUP,DISTRIBUTION,transition,MARKUP->DISTRIBUTION
ALDX,2025-06-11,DISTRIBUTION->MARKDOWN,DISTRIBUTION,MARKDOWN,transition,DISTRIBUTION->MARKDOWN
ALEC,2024-12-02,MARKUP->DISTRIBUTION,MARKUP,DISTRIBUTION,transition,MARKUP->DISTRIBUTION
ALG,2024-05-28,MARKUP->DISTRIBUTION,MARKUP,DISTRIBUTION,transition,MARKUP->DISTRIBUTION
ALGM,2024-08-08,DISTRIBUTION->MARKDOWN,DISTRIBUTION,MARKDOWN,transition,DISTRIBUTION->MARKDOWN
ALGM,2025-01-30,MARKDOWN->ACCUMULATION,MARKDOWN,ACCUMULATION,transition,MARKDOWN->ACCUMULATION
ALGS,2024-09-18,MARKUP->DISTRIBUTION,MARKUP,DISTRIBUTION,transition,MARKUP->DISTRIBUTION
ALHC,2024-10-30,MARKDOWN->ACCUMULATION,MARKDOWN,ACCUMULATION,transition,MARKDOWN->ACCUMULATION
ALK,2025-03-11,MARKUP->DISTRIBUTION,MARKUP,DISTRIBUTION,transition,MARKUP->DISTRIBUTION
ALLO,2025-01-31,MARKUP->DISTRIBUTION,MARKUP,DISTRIBUTION,transition,MARKUP->DISTRIBUTION
ALLR,2024-05-02,MARKUP->DISTRIBUTION,MARKUP,DISTRIBUTION,transition,MARKUP->DISTRIBUTION
ALLY,2024-09-10,DISTRIBUTION->MARKDOWN,DISTRIBUTION,MARKDOWN,transition,DISTRIBUTION->MARKDOWN
ALLY,2025-09-25,MARKDOWN->ACCUMULATION,MARKDOWN,ACCUMULATION,transition,MARKDOWN->ACCUMULATION
ALNT,2025-10-23,ACCUMULATION->MARKUP,ACCUMULATION,MARKUP,transition,ACCUMULATION->MARKUP
ALRM,2024-09-17,MARKUP->DISTRIBUTION,MARKUP,DISTRIBUTION,transition,MARKUP->DISTRIBUTION
ALT,2024-08-01,MARKUP->DISTRIBUTION,MARKUP,DISTRIBUTION,transition,MARKUP->DISTRIBUTION
ALTG,2024-05-10,MARKUP->DISTRIBUTION,MARKUP,DISTRIBUTION,transition,MARKUP->DISTRIBUTION
ALVO,2025-11-03,DISTRIBUTION->MARKDOWN,DISTRIBUTION,MARKDOWN,transition,DISTRIBUTION->MARKDOWN
ALZN,2024-08-01,MARKUP->DISTRIBUTION,MARKUP,DISTRIBUTION,transition,MARKUP->DISTRIBUTION
AM,2024-08-15,MARKDOWN->ACCUMULATION,MARKDOWN,ACCUMULATION,transition,MARKDOWN->ACCUMULATION
AMAX,2024-08-05,DISTRIBUTION->MARKDOWN,DISTRIBUTION,MARKDOWN,transition,DISTRIBUTION->MARKDOWN
AMBA,2025-06-24,MARKUP->DISTRIBUTION,MARKUP,DISTRIBUTION,transition,MARKUP->DISTRIBUTION
AMC,2024-04-01,MARKUP->DISTRIBUTION,MARKUP,DISTRIBUTION,transition,MARKUP->DISTRIBUTION
AMCX,2025-04-03,MARKUP->DISTRIBUTION,MARKUP,DISTRIBUTION,transition,MARKUP->DISTRIBUTION
AMDG,2025-07-29,ACCUMULATION->MARKUP,ACCUMULATION,MARKUP,transition,ACCUMULATION->MARKUP
AMDG,2025-08-06,MARKUP->DISTRIBUTION,MARKUP,DISTRIBUTION,transition,MARKUP->DISTRIBUTION
AMDL,2024-07-31,MARKUP->DISTRIBUTION,MARKUP,DISTRIBUTION,transition,MARKUP->DISTRIBUTION
AMG,2025-03-11,MARKDOWN->ACCUMULATION,MARKDOWN,ACCUMULATION,transition,MARKDOWN->ACCUMULATION
AMH,2024-10-07,MARKUP->DISTRIBUTION,MARKUP,DISTRIBUTION,transition,MARKUP->DISTRIBUTION
AMID,2025-04-09,MARKUP->DISTRIBUTION,MARKUP,DISTRIBUTION,transition,MARKUP->DISTRIBUTION
AMIX,2024-05-23,MARKUP->DISTRIBUTION,MARKUP,DISTRIBUTION,transition,MARKUP->DISTRIBUTION
AMIX,2024-07-03,DISTRIBUTION->MARKDOWN,DISTRIBUTION,MARKDOWN,transition,DISTRIBUTION->MARKDOWN
AMIX,2024-07-15,MARKDOWN->ACCUMULATION,MARKDOWN,ACCUMULATION,transition,MARKDOWN->ACCUMULATION
AMP,2024-10-24,MARKDOWN->ACCUMULATION,MARKDOWN,ACCUMULATION,transition,MARKDOWN->ACCUMULATION
AMPG,2025-01-06,MARKUP->DISTRIBUTION,MARKUP,DISTRIBUTION,transition,MARKUP->DISTRIBUTION
AMPH,2025-02-12,MARKUP->DISTRIBUTION,MARKUP,DISTRIBUTION,transition,MARKUP->DISTRIBUTION
AMPL,2025-02-14,MARKUP->DISTRIBUTION,MARKUP,DISTRIBUTION,transition,MARKUP->DISTRIBUTION
AMPX,2024-09-23,MARKDOWN->ACCUMULATION,MARKDOWN,ACCUMULATION,transition,MARKDOWN->ACCUMULATION
AMPY,2025-07-22,MARKDOWN->ACCUMULATION,MARKDOWN,ACCUMULATION,transition,MARKDOWN->ACCUMULATION
AMR,2025-01-07,MARKUP->DISTRIBUTION,MARKUP,DISTRIBUTION,transition,MARKUP->DISTRIBUTION
AMRX,2024-08-08,MARKDOWN->ACCUMULATION,MARKDOWN,ACCUMULATION,transition,MARKDOWN->ACCUMULATION
AMSC,2025-10-03,MARKUP->DISTRIBUTION,MARKUP,DISTRIBUTION,transition,MARKUP->DISTRIBUTION
AMT,2024-04-10,MARKUP->DISTRIBUTION,MARKUP,DISTRIBUTION,transition,MARKUP->DISTRIBUTION
AMT,2024-04-30,DISTRIBUTION->MARKDOWN,DISTRIBUTION,MARKDOWN,transition,DISTRIBUTION->MARKDOWN
AMTD,2024-08-14,MARKUP->DISTRIBUTION,MARKUP,DISTRIBUTION,transition,MARKUP->DISTRIBUTION
AMTD,2024-08-26,MARKDOWN->ACCUMULATION,MARKDOWN,ACCUMULATION,transition,MARKDOWN->ACCUMULATION
AMTM,2025-06-03,MARKDOWN->ACCUMULATION,MARKDOWN,ACCUMULATION,transition,MARKDOWN->ACCUMULATION
AMTX,2024-04-09,MARKUP->DISTRIBUTION,MARKUP,DISTRIBUTION,transition,MARKUP->DISTRIBUTION
AMTX,2025-03-13,DISTRIBUTION->MARKDOWN,DISTRIBUTION,MARKDOWN,transition,DISTRIBUTION->MARKDOWN
AMUU,2025-08-06,MARKUP->DISTRIBUTION,MARKUP,DISTRIBUTION,transition,MARKUP->DISTRIBUTION
AN,2025-07-02,ACCUMULATION->MARKUP,ACCUMULATION,MARKUP,transition,ACCUMULATION->MARKUP
AN,2025-07-15,MARKUP->DISTRIBUTION,MARKUP,DISTRIBUTION,transition,MARKUP->DISTRIBUTION
ANGI,2025-03-24,ACCUMULATION->MARKUP,ACCUMULATION,MARKUP,transition,ACCUMULATION->MARKUP
ANGL,2024-05-01,MARKDOWN->ACCUMULATION,MARKDOWN,ACCUMULATION,transition,MARKDOWN->ACCUMULATION
ANGO,2024-10-22,MARKDOWN->ACCUMULATION,MARKDOWN,ACCUMULATION,transition,MARKDOWN->ACCUMULATION
ANGO,2025-01-08,ACCUMULATION->MARKUP,ACCUMULATION,MARKUP,transition,ACCUMULATION->MARKUP
ANIX,2024-07-15,MARKDOWN->ACCUMULATION,MARKDOWN,ACCUMULATION,transition,MARKDOWN->ACCUMULATION
ANL,2025-09-30,MARKDOWN->ACCUMULATION,MARKDOWN,ACCUMULATION,transition,MARKDOWN->ACCUMULATION
ANTX,2024-08-09,MARKUP->DISTRIBUTION,MARKUP,DISTRIBUTION,transition,MARKUP->DISTRIBUTION
ANY,2024-08-07,MARKUP->DISTRIBUTION,MARKUP,DISTRIBUTION,transition,MARKUP->DISTRIBUTION
AOK,2025-03-19,MARKDOWN->ACCUMULATION,MARKDOWN,ACCUMULATION,transition,MARKDOWN->ACCUMULATION
AOR,2024-08-05,MARKDOWN->ACCUMULATION,MARKDOWN,ACCUMULATION,transition,MARKDOWN->ACCUMULATION
AOSL,2025-08-07,MARKDOWN->ACCUMULATION,MARKDOWN,ACCUMULATION,transition,MARKDOWN->ACCUMULATION
AOTG,2025-02-28,MARKDOWN->ACCUMULATION,MARKDOWN,ACCUMULATION,transition,MARKDOWN->ACCUMULATION
AP,2024-11-27,MARKDOWN->ACCUMULATION,MARKDOWN,ACCUMULATION,transition,MARKDOWN->ACCUMULATION
APD,2024-07-02,MARKDOWN->ACCUMULATION,MARKDOWN,ACCUMULATION,transition,MARKDOWN->ACCUMULATION
APD,2024-10-29,MARKUP->DISTRIBUTION,MARKUP,DISTRIBUTION,transition,MARKUP->DISTRIBUTION
APG,2024-04-18,MARKUP->DISTRIBUTION,MARKUP,DISTRIBUTION,transition,MARKUP->DISTRIBUTION
APGE,2024-04-08,MARKUP->DISTRIBUTION,MARKUP,DISTRIBUTION,transition,MARKUP->DISTRIBUTION
APLE,2025-04-03,MARKUP->DISTRIBUTION,MARKUP,DISTRIBUTION,transition,MARKUP->DISTRIBUTION
APLS,2024-09-24,MARKUP->DISTRIBUTION,MARKUP,DISTRIBUTION,transition,MARKUP->DISTRIBUTION
APLT,2024-12-03,MARKUP->DISTRIBUTION,MARKUP,DISTRIBUTION,transition,MARKUP->DISTRIBUTION
APO,2025-03-06,MARKUP->DISTRIBUTION,MARKUP,DISTRIBUTION,transition,MARKUP->DISTRIBUTION
APP,2025-08-07,MARKUP->DISTRIBUTION,MARKUP,DISTRIBUTION,transition,MARKUP->DISTRIBUTION
APPF,2024-10-15,DISTRIBUTION->MARKDOWN,DISTRIBUTION,MARKDOWN,transition,DISTRIBUTION->MARKDOWN
APPF,2025-04-07,MARKDOWN->ACCUMULATION,MARKDOWN,ACCUMULATION,transition,MARKDOWN->ACCUMULATION
APPF,2025-07-31,ACCUMULATION->MARKUP,ACCUMULATION,MARKUP,transition,ACCUMULATION->MARKUP
APPF,2025-10-31,MARKUP->DISTRIBUTION,MARKUP,DISTRIBUTION,transition,MARKUP->DISTRIBUTION
APPX,2025-10-17,MARKUP->DISTRIBUTION,MARKUP,DISTRIBUTION,transition,MARKUP->DISTRIBUTION
APRE,2025-05-15,DISTRIBUTION->MARKDOWN,DISTRIBUTION,MARKDOWN,transition,DISTRIBUTION->MARKDOWN
APRH,2025-09-12,ACCUMULATION->MARKUP,ACCUMULATION,MARKUP,transition,ACCUMULATION->MARKUP
APRZ,2024-11-06,MARKDOWN->ACCUMULATION,MARKDOWN,ACCUMULATION,transition,MARKDOWN->ACCUMULATION
APT,2025-08-22,MARKUP->DISTRIBUTION,MARKUP,DISTRIBUTION,transition,MARKUP->DISTRIBUTION
APTV,2025-10-21,ACCUMULATION->MARKUP,ACCUMULATION,MARKUP,transition,ACCUMULATION->MARKUP
APVO,2024-09-16,MARKUP->DISTRIBUTION,MARKUP,DISTRIBUTION,transition,MARKUP->DISTRIBUTION
APYX,2024-11-27,MARKDOWN->ACCUMULATION,MARKDOWN,ACCUMULATION,transition,MARKDOWN->ACCUMULATION
AQB,2024-08-15,MARKUP->DISTRIBUTION,MARKUP,DISTRIBUTION,transition,MARKUP->DISTRIBUTION
AQMS,2025-10-24,MARKUP->DISTRIBUTION,MARKUP,DISTRIBUTION,transition,MARKUP->DISTRIBUTION
AQST,2024-03-14,MARKUP->DISTRIBUTION,MARKUP,DISTRIBUTION,transition,MARKUP->DISTRIBUTION
AR,2025-02-26,MARKUP->DISTRIBUTION,MARKUP,DISTRIBUTION,transition,MARKUP->DISTRIBUTION
ARAY,2024-04-30,MARKUP->DISTRIBUTION,MARKUP,DISTRIBUTION,transition,MARKUP->DISTRIBUTION
ARBK,2024-07-15,MARKDOWN->ACCUMULATION,MARKDOWN,ACCUMULATION,transition,MARKDOWN->ACCUMULATION
ARCB,2024-04-26,MARKUP->DISTRIBUTION,MARKUP,DISTRIBUTION,transition,MARKUP->DISTRIBUTION
ARCC,2025-03-03,MARKUP->DISTRIBUTION,MARKUP,DISTRIBUTION,transition,MARKUP->DISTRIBUTION
ARCM,2025-10-07,MARKDOWN->ACCUMULATION,MARKDOWN,ACCUMULATION,transition,MARKDOWN->ACCUMULATION
ARCO,2025-03-14,MARKDOWN->ACCUMULATION,MARKDOWN,ACCUMULATION,transition,MARKDOWN->ACCUMULATION
ARCT,2024-07-01,MARKUP->DISTRIBUTION,MARKUP,DISTRIBUTION,transition,MARKUP->DISTRIBUTION
ARDX,2024-06-14,MARKUP->DISTRIBUTION,MARKUP,DISTRIBUTION,transition,MARKUP->DISTRIBUTION
ARDX,2025-05-16,MARKDOWN->ACCUMULATION,MARKDOWN,ACCUMULATION,transition,MARKDOWN->ACCUMULATION
AREB,2025-01-28,MARKUP->DISTRIBUTION,MARKUP,DISTRIBUTION,transition,MARKUP->DISTRIBUTION
ARES,2024-05-21,MARKDOWN->ACCUMULATION,MARKDOWN,ACCUMULATION,transition,MARKDOWN->ACCUMULATION
ARGT,2025-04-04,MARKUP->DISTRIBUTION,MARKUP,DISTRIBUTION,transition,MARKUP->DISTRIBUTION
ARGX,2025-06-30,MARKDOWN->ACCUMULATION,MARKDOWN,ACCUMULATION,transition,MARKDOWN->ACCUMULATION
ARI,2024-04-29,MARKUP->DISTRIBUTION,MARKUP,DISTRIBUTION,transition,MARKUP->DISTRIBUTION
ARKB,2025-06-12,MARKUP->DISTRIBUTION,MARKUP,DISTRIBUTION,transition,MARKUP->DISTRIBUTION
ARKQ,2025-06-23,ACCUMULATION->MARKUP,ACCUMULATION,MARKUP,transition,ACCUMULATION->MARKUP
ARKR,2024-08-01,MARKUP->DISTRIBUTION,MARKUP,DISTRIBUTION,transition,MARKUP->DISTRIBUTION
ARKW,2024-11-06,MARKDOWN->ACCUMULATION,MARKDOWN,ACCUMULATION,transition,MARKDOWN->ACCUMULATION
ARLP,2025-01-22,MARKUP->DISTRIBUTION,MARKUP,DISTRIBUTION,transition,MARKUP->DISTRIBUTION
ARMG,2025-06-27,ACCUMULATION->MARKUP,ACCUMULATION,MARKUP,transition,ACCUMULATION->MARKUP
ARMG,2025-10-09,MARKUP->DISTRIBUTION,MARKUP,DISTRIBUTION,transition,MARKUP->DISTRIBUTION
AROC,2024-05-20,MARKDOWN->ACCUMULATION,MARKDOWN,ACCUMULATION,transition,MARKDOWN->ACCUMULATION
AROW,2025-11-03,MARKUP->DISTRIBUTION,MARKUP,DISTRIBUTION,transition,MARKUP->DISTRIBUTION
ARQT,2025-02-12,MARKDOWN->ACCUMULATION,MARKDOWN,ACCUMULATION,transition,MARKDOWN->ACCUMULATION
ARR,2024-04-12,MARKUP->DISTRIBUTION,MARKUP,DISTRIBUTION,transition,MARKUP->DISTRIBUTION
ARRY,2024-06-28,MARKUP->DISTRIBUTION,MARKUP,DISTRIBUTION,transition,MARKUP->DISTRIBUTION
ARTL,2025-04-08,DISTRIBUTION->MARKDOWN,DISTRIBUTION,MARKDOWN,transition,DISTRIBUTION->MARKDOWN
ARTNA,2024-04-12,MARKUP->DISTRIBUTION,MARKUP,DISTRIBUTION,transition,MARKUP->DISTRIBUTION
ARTV,2025-01-10,MARKUP->DISTRIBUTION,MARKUP,DISTRIBUTION,transition,MARKUP->DISTRIBUTION
ARTW,2024-12-27,ACCUMULATION->MARKUP,ACCUMULATION,MARKUP,transition,ACCUMULATION->MARKUP
ARTY,2025-07-01,ACCUMULATION->MARKUP,ACCUMULATION,MARKUP,transition,ACCUMULATION->MARKUP
ARVN,2025-03-10,MARKUP->DISTRIBUTION,MARKUP,DISTRIBUTION,transition,MARKUP->DISTRIBUTION
ARVR,2025-10-08,MARKUP->DISTRIBUTION,MARKUP,DISTRIBUTION,transition,MARKUP->DISTRIBUTION
AS,2025-02-25,MARKDOWN->ACCUMULATION,MARKDOWN,ACCUMULATION,transition,MARKDOWN->ACCUMULATION
AS,2025-07-14,ACCUMULATION->MARKUP,ACCUMULATION,MARKUP,transition,ACCUMULATION->MARKUP
AS,2025-08-18,MARKUP->DISTRIBUTION,MARKUP,DISTRIBUTION,transition,MARKUP->DISTRIBUTION
ASAN,2024-04-04,MARKUP->DISTRIBUTION,MARKUP,DISTRIBUTION,transition,MARKUP->DISTRIBUTION
ASGN,2024-11-06,MARKUP->DISTRIBUTION,MARKUP,DISTRIBUTION,transition,MARKUP->DISTRIBUTION
ASH,2025-01-31,MARKUP->DISTRIBUTION,MARKUP,DISTRIBUTION,transition,MARKUP->DISTRIBUTION
ASHR,2024-10-04,ACCUMULATION->MARKUP,ACCUMULATION,MARKUP,transition,ACCUMULATION->MARKUP
ASIA,2025-10-09,MARKUP->DISTRIBUTION,MARKUP,DISTRIBUTION,transition,MARKUP->DISTRIBUTION
ASMB,2025-08-06,MARKDOWN->ACCUMULATION,MARKDOWN,ACCUMULATION,transition,MARKDOWN->ACCUMULATION
ASMG,2025-04-07,DISTRIBUTION->MARKDOWN,DISTRIBUTION,MARKDOWN,transition,DISTRIBUTION->MARKDOWN
ASMG,2025-09-15,ACCUMULATION->MARKUP,ACCUMULATION,MARKUP,transition,ACCUMULATION->MARKUP
ASML,2024-08-01,MARKUP->DISTRIBUTION,MARKUP,DISTRIBUTION,transition,MARKUP->DISTRIBUTION
ASND,2025-08-05,MARKDOWN->ACCUMULATION,MARKDOWN,ACCUMULATION,transition,MARKDOWN->ACCUMULATION
ASNS,2024-04-11,MARKUP->DISTRIBUTION,MARKUP,DISTRIBUTION,transition,MARKUP->DISTRIBUTION
ASO,2024-04-17,MARKUP->DISTRIBUTION,MARKUP,DISTRIBUTION,transition,MARKUP->DISTRIBUTION
ASO,2024-12-02,MARKDOWN->ACCUMULATION,MARKDOWN,ACCUMULATION,transition,MARKDOWN->ACCUMULATION
ASPI,2025-02-26,MARKDOWN->ACCUMULATION,MARKDOWN,ACCUMULATION,transition,MARKDOWN->ACCUMULATION
ASPN,2025-02-14,MARKUP->DISTRIBUTION,MARKUP,DISTRIBUTION,transition,MARKUP->DISTRIBUTION
ASRT,2024-03-27,MARKUP->DISTRIBUTION,MARKUP,DISTRIBUTION,transition,MARKUP->DISTRIBUTION
ASRV,2024-04-17,MARKDOWN->ACCUMULATION,MARKDOWN,ACCUMULATION,transition,MARKDOWN->ACCUMULATION
ASTC,2024-03-07,DISTRIBUTION->MARKDOWN,DISTRIBUTION,MARKDOWN,transition,DISTRIBUTION->MARKDOWN
ASTC,2024-03-15,MARKDOWN->ACCUMULATION,MARKDOWN,ACCUMULATION,transition,MARKDOWN->ACCUMULATION
ASTC,2024-03-28,ACCUMULATION->MARKUP,ACCUMULATION,MARKUP,transition,ACCUMULATION->MARKUP
ASTE,2024-04-30,MARKUP->DISTRIBUTION,MARKUP,DISTRIBUTION,transition,MARKUP->DISTRIBUTION
ASTH,2024-12-27,MARKUP->DISTRIBUTION,MARKUP,DISTRIBUTION,transition,MARKUP->DISTRIBUTION
ASTL,2025-04-03,MARKUP->DISTRIBUTION,MARKUP,DISTRIBUTION,transition,MARKUP->DISTRIBUTION
ASTL,2025-10-15,MARKDOWN->ACCUMULATION,MARKDOWN,ACCUMULATION,transition,MARKDOWN->ACCUMULATION
ASUR,2025-03-07,MARKDOWN->ACCUMULATION,MARKDOWN,ACCUMULATION,transition,MARKDOWN->ACCUMULATION
ATCH,2025-09-15,MARKUP->DISTRIBUTION,MARKUP,DISTRIBUTION,transition,MARKUP->DISTRIBUTION
ATEN,2024-05-30,MARKUP->DISTRIBUTION,MARKUP,DISTRIBUTION,transition,MARKUP->DISTRIBUTION
ATFV,2025-02-25,MARKDOWN->ACCUMULATION,MARKDOWN,ACCUMULATION,transition,MARKDOWN->ACCUMULATION
ATFV,2025-08-12,ACCUMULATION->MARKUP,ACCUMULATION,MARKUP,transition,ACCUMULATION->MARKUP
ATFV,2025-08-20,MARKUP->DISTRIBUTION,MARKUP,DISTRIBUTION,transition,MARKUP->DISTRIBUTION
ATGE,2024-11-06,MARKDOWN->ACCUMULATION,MARKDOWN,ACCUMULATION,transition,MARKDOWN->ACCUMULATION
ATGE,2025-10-29,MARKUP->DISTRIBUTION,MARKUP,DISTRIBUTION,transition,MARKUP->DISTRIBUTION
ATHM,2024-05-02,MARKDOWN->ACCUMULATION,MARKDOWN,ACCUMULATION,transition,MARKDOWN->ACCUMULATION
ATI,2024-06-14,MARKDOWN->ACCUMULATION,MARKDOWN,ACCUMULATION,transition,MARKDOWN->ACCUMULATION
ATKR,2024-08-06,MARKUP->DISTRIBUTION,MARKUP,DISTRIBUTION,transition,MARKUP->DISTRIBUTION
ATKR,2025-08-04,MARKDOWN->ACCUMULATION,MARKDOWN,ACCUMULATION,transition,MARKDOWN->ACCUMULATION
ATLC,2025-03-06,MARKUP->DISTRIBUTION,MARKUP,DISTRIBUTION,transition,MARKUP->DISTRIBUTION
ATLN,2025-08-15,MARKUP->DISTRIBUTION,MARKUP,DISTRIBUTION,transition,MARKUP->DISTRIBUTION
ATLO,2025-10-20,MARKDOWN->ACCUMULATION,MARKDOWN,ACCUMULATION,transition,MARKDOWN->ACCUMULATION
ATLX,2024-09-18,MARKUP->DISTRIBUTION,MARKUP,DISTRIBUTION,transition,MARKUP->DISTRIBUTION
ATMU,2024-08-02,MARKUP->DISTRIBUTION,MARKUP,DISTRIBUTION,transition,MARKUP->DISTRIBUTION
ATNM,2024-12-06,DISTRIBUTION->MARKDOWN,DISTRIBUTION,MARKDOWN,transition,DISTRIBUTION->MARKDOWN
ATNM,2025-10-13,MARKDOWN->ACCUMULATION,MARKDOWN,ACCUMULATION,transition,MARKDOWN->ACCUMULATION
ATOM,2024-04-25,MARKUP->DISTRIBUTION,MARKUP,DISTRIBUTION,transition,MARKUP->DISTRIBUTION
ATOS,2024-06-05,MARKUP->DISTRIBUTION,MARKUP,DISTRIBUTION,transition,MARKUP->DISTRIBUTION
ATPC,2024-12-23,MARKDOWN->ACCUMULATION,MARKDOWN,ACCUMULATION,transition,MARKDOWN->ACCUMULATION
ATRA,2025-01-13,MARKUP->DISTRIBUTION,MARKUP,DISTRIBUTION,transition,MARKUP->DISTRIBUTION
ATRC,2025-07-28,MARKUP->DISTRIBUTION,MARKUP,DISTRIBUTION,transition,MARKUP->DISTRIBUTION
ATRO,2025-09-10,MARKDOWN->ACCUMULATION,MARKDOWN,ACCUMULATION,transition,MARKDOWN->ACCUMULATION
ATXS,2025-01-02,MARKUP->DISTRIBUTION,MARKUP,DISTRIBUTION,transition,MARKUP->DISTRIBUTION
AU,2025-10-17,MARKUP->DISTRIBUTION,MARKUP,DISTRIBUTION,transition,MARKUP->DISTRIBUTION
AUDC,2025-07-17,MARKUP->DISTRIBUTION,MARKUP,DISTRIBUTION,transition,MARKUP->DISTRIBUTION
AUGO,2025-10-17,MARKUP->DISTRIBUTION,MARKUP,DISTRIBUTION,transition,MARKUP->DISTRIBUTION
AUGZ,2024-12-30,MARKDOWN->ACCUMULATION,MARKDOWN,ACCUMULATION,transition,MARKDOWN->ACCUMULATION
AUID,2025-03-21,MARKUP->DISTRIBUTION,MARKUP,DISTRIBUTION,transition,MARKUP->DISTRIBUTION
AUMI,2025-10-17,MARKUP->DISTRIBUTION,MARKUP,DISTRIBUTION,transition,MARKUP->DISTRIBUTION
AUPH,2024-08-19,MARKDOWN->ACCUMULATION,MARKDOWN,ACCUMULATION,transition,MARKDOWN->ACCUMULATION
AUR,2025-05-02,MARKUP->DISTRIBUTION,MARKUP,DISTRIBUTION,transition,MARKUP->DISTRIBUTION
AURA,2024-05-29,MARKUP->DISTRIBUTION,MARKUP,DISTRIBUTION,transition,MARKUP->DISTRIBUTION
AURA,2025-04-08,DISTRIBUTION->MARKDOWN,DISTRIBUTION,MARKDOWN,transition,DISTRIBUTION->MARKDOWN
AURA,2025-05-16,MARKDOWN->ACCUMULATION,MARKDOWN,ACCUMULATION,transition,MARKDOWN->ACCUMULATION
AUST,2024-10-18,ACCUMULATION->MARKUP,ACCUMULATION,MARKUP,transition,ACCUMULATION->MARKUP
AUST,2024-10-25,MARKUP->DISTRIBUTION,MARKUP,DISTRIBUTION,transition,MARKUP->DISTRIBUTION
AUUD,2024-05-21,MARKUP->DISTRIBUTION,MARKUP,DISTRIBUTION,transition,MARKUP->DISTRIBUTION
AVA,2024-04-30,MARKDOWN->ACCUMULATION,MARKDOWN,ACCUMULATION,transition,MARKDOWN->ACCUMULATION
AVBP,2024-06-21,MARKDOWN->ACCUMULATION,MARKDOWN,ACCUMULATION,transition,MARKDOWN->ACCUMULATION
AVD,2024-08-07,MARKUP->DISTRIBUTION,MARKUP,DISTRIBUTION,transition,MARKUP->DISTRIBUTION
AVGO,2024-07-11,MARKUP->DISTRIBUTION,MARKUP,DISTRIBUTION,transition,MARKUP->DISTRIBUTION
AVGV,2025-03-04,MARKDOWN->ACCUMULATION,MARKDOWN,ACCUMULATION,transition,MARKDOWN->ACCUMULATION
AVIR,2024-09-13,MARKUP->DISTRIBUTION,MARKUP,DISTRIBUTION,transition,MARKUP->DISTRIBUTION
AVIV,2024-12-20,MARKDOWN->ACCUMULATION,MARKDOWN,ACCUMULATION,transition,MARKDOWN->ACCUMULATION
AVMV,2025-03-03,MARKUP->DISTRIBUTION,MARKUP,DISTRIBUTION,transition,MARKUP->DISTRIBUTION
AVNM,2024-06-24,MARKDOWN->ACCUMULATION,MARKDOWN,ACCUMULATION,transition,MARKDOWN->ACCUMULATION
AVNS,2024-06-11,MARKDOWN->ACCUMULATION,MARKDOWN,ACCUMULATION,transition,MARKDOWN->ACCUMULATION
AVNT,2024-08-06,MARKUP->DISTRIBUTION,MARKUP,DISTRIBUTION,transition,MARKUP->DISTRIBUTION
AVNV,2024-06-24,MARKDOWN->ACCUMULATION,MARKDOWN,ACCUMULATION,transition,MARKDOWN->ACCUMULATION
AVNW,2024-09-03,MARKUP->DISTRIBUTION,MARKUP,DISTRIBUTION,transition,MARKUP->DISTRIBUTION
AVPT,2024-11-06,MARKDOWN->ACCUMULATION,MARKDOWN,ACCUMULATION,transition,MARKDOWN->ACCUMULATION
AVSD,2025-10-14,MARKDOWN->ACCUMULATION,MARKDOWN,ACCUMULATION,transition,MARKDOWN->ACCUMULATION
AVT,2025-08-06,MARKDOWN->ACCUMULATION,MARKDOWN,ACCUMULATION,transition,MARKDOWN->ACCUMULATION
AVTX,2024-04-16,MARKUP->DISTRIBUTION,MARKUP,DISTRIBUTION,transition,MARKUP->DISTRIBUTION
AVUV,2024-07-31,MARKUP->DISTRIBUTION,MARKUP,DISTRIBUTION,transition,MARKUP->DISTRIBUTION
AVY,2024-12-16,MARKUP->DISTRIBUTION,MARKUP,DISTRIBUTION,transition,MARKUP->DISTRIBUTION
AWAY,2024-12-12,MARKUP->DISTRIBUTION,MARKUP,DISTRIBUTION,transition,MARKUP->DISTRIBUTION
AWI,2025-10-28,MARKUP->DISTRIBUTION,MARKUP,DISTRIBUTION,transition,MARKUP->DISTRIBUTION
AWK,2025-03-31,MARKUP->DISTRIBUTION,MARKUP,DISTRIBUTION,transition,MARKUP->DISTRIBUTION
AWX,2025-04-01,MARKDOWN->ACCUMULATION,MARKDOWN,ACCUMULATION,transition,MARKDOWN->ACCUMULATION
AXGN,2024-08-08,MARKDOWN->ACCUMULATION,MARKDOWN,ACCUMULATION,transition,MARKDOWN->ACCUMULATION
AXIL,2024-05-15,MARKUP->DISTRIBUTION,MARKUP,DISTRIBUTION,transition,MARKUP->DISTRIBUTION
AXL,2024-09-05,MARKUP->DISTRIBUTION,MARKUP,DISTRIBUTION,transition,MARKUP->DISTRIBUTION
AXL,2025-04-07,DISTRIBUTION->MARKDOWN,DISTRIBUTION,MARKDOWN,transition,DISTRIBUTION->MARKDOWN
AXL,2025-07-01,MARKDOWN->ACCUMULATION,MARKDOWN,ACCUMULATION,transition,MARKDOWN->ACCUMULATION
AXS,2024-05-06,MARKDOWN->ACCUMULATION,MARKDOWN,ACCUMULATION,transition,MARKDOWN->ACCUMULATION
AXS,2024-11-27,ACCUMULATION->MARKUP,ACCUMULATION,MARKUP,transition,ACCUMULATION->MARKUP
AXS,2024-12-06,MARKUP->DISTRIBUTION,MARKUP,DISTRIBUTION,transition,MARKUP->DISTRIBUTION
AXSM,2024-12-30,MARKDOWN->ACCUMULATION,MARKDOWN,ACCUMULATION,transition,MARKDOWN->ACCUMULATION
AXTA,2024-12-11,MARKUP->DISTRIBUTION,MARKUP,DISTRIBUTION,transition,MARKUP->DISTRIBUTION
AXTI,2025-08-20,MARKDOWN->ACCUMULATION,MARKDOWN,ACCUMULATION,transition,MARKDOWN->ACCUMULATION
AYI,2024-12-17,MARKUP->DISTRIBUTION,MARKUP,DISTRIBUTION,transition,MARKUP->DISTRIBUTION
AZ,2024-11-08,MARKDOWN->ACCUMULATION,MARKDOWN,ACCUMULATION,transition,MARKDOWN->ACCUMULATION
AZI,2024-11-22,MARKUP->DISTRIBUTION,MARKUP,DISTRIBUTION,transition,MARKUP->DISTRIBUTION
AZN,2025-07-25,MARKDOWN->ACCUMULATION,MARKDOWN,ACCUMULATION,transition,MARKDOWN->ACCUMULATION
AZTA,2025-03-11,MARKUP->DISTRIBUTION,MARKUP,DISTRIBUTION,transition,MARKUP->DISTRIBUTION
AZTD,2025-03-04,MARKDOWN->ACCUMULATION,MARKDOWN,ACCUMULATION,transition,MARKDOWN->ACCUMULATION
AZTR,2025-08-21,MARKUP->DISTRIBUTION,MARKUP,DISTRIBUTION,transition,MARKUP->DISTRIBUTION
AZZ,2024-11-21,MARKDOWN->ACCUMULATION,MARKDOWN,ACCUMULATION,transition,MARKDOWN->ACCUMULATION
B,2025-06-02,MARKDOWN->ACCUMULATION,MARKDOWN,ACCUMULATION,transition,MARKDOWN->ACCUMULATION
BA,2025-06-09,ACCUMULATION->MARKUP,ACCUMULATION,MARKUP,transition,ACCUMULATION->MARKUP
BABX,2025-08-29,MARKUP->DISTRIBUTION,MARKUP,DISTRIBUTION,transition,MARKUP->DISTRIBUTION
BAC,2025-07-01,ACCUMULATION->MARKUP,ACCUMULATION,MARKUP,transition,ACCUMULATION->MARKUP
BAH,2025-02-19,MARKUP->DISTRIBUTION,MARKUP,DISTRIBUTION,transition,MARKUP->DISTRIBUTION
BAK,2024-12-12,MARKUP->DISTRIBUTION,MARKUP,DISTRIBUTION,transition,MARKUP->DISTRIBUTION
BAM,2024-04-05,MARKDOWN->ACCUMULATION,MARKDOWN,ACCUMULATION,transition,MARKDOWN->ACCUMULATION
BAMY,2025-02-13,MARKUP->DISTRIBUTION,MARKUP,DISTRIBUTION,transition,MARKUP->DISTRIBUTION
BAND,2024-06-12,MARKUP->DISTRIBUTION,MARKUP,DISTRIBUTION,transition,MARKUP->DISTRIBUTION
BANF,2024-07-16,MARKDOWN->ACCUMULATION,MARKDOWN,ACCUMULATION,transition,MARKDOWN->ACCUMULATION
BANL,2025-02-05,MARKUP->DISTRIBUTION,MARKUP,DISTRIBUTION,transition,MARKUP->DISTRIBUTION
BANX,2024-11-04,MARKDOWN->ACCUMULATION,MARKDOWN,ACCUMULATION,transition,MARKDOWN->ACCUMULATION
BANX,2025-09-19,ACCUMULATION->MARKUP,ACCUMULATION,MARKUP,transition,ACCUMULATION->MARKUP
BAOS,2024-10-02,MARKUP->DISTRIBUTION,MARKUP,DISTRIBUTION,transition,MARKUP->DISTRIBUTION
BAX,2024-05-06,MARKUP->DISTRIBUTION,MARKUP,DISTRIBUTION,transition,MARKUP->DISTRIBUTION
BB,2025-02-21,MARKUP->DISTRIBUTION,MARKUP,DISTRIBUTION,transition,MARKUP->DISTRIBUTION
BBAI,2025-10-13,MARKUP->DISTRIBUTION,MARKUP,DISTRIBUTION,transition,MARKUP->DISTRIBUTION
BBAR,2024-05-21,MARKUP->DISTRIBUTION,MARKUP,DISTRIBUTION,transition,MARKUP->DISTRIBUTION
BBBI,2024-11-21,MARKDOWN->ACCUMULATION,MARKDOWN,ACCUMULATION,transition,MARKDOWN->ACCUMULATION
BBBI,2025-09-17,ACCUMULATION->MARKUP,ACCUMULATION,MARKUP,transition,ACCUMULATION->MARKUP
BBBI,2025-10-02,MARKUP->DISTRIBUTION,MARKUP,DISTRIBUTION,transition,MARKUP->DISTRIBUTION
BBBL,2024-04-01,ACCUMULATION->MARKUP,ACCUMULATION,MARKUP,transition,ACCUMULATION->MARKUP
BBBL,2024-06-06,MARKUP->DISTRIBUTION,MARKUP,DISTRIBUTION,transition,MARKUP->DISTRIBUTION
BBCP,2024-04-15,MARKUP->DISTRIBUTION,MARKUP,DISTRIBUTION,transition,MARKUP->DISTRIBUTION
BBCP,2024-11-04,DISTRIBUTION->MARKDOWN,DISTRIBUTION,MARKDOWN,transition,DISTRIBUTION->MARKDOWN
BBCP,2024-11-12,MARKDOWN->ACCUMULATION,MARKDOWN,ACCUMULATION,transition,MARKDOWN->ACCUMULATION
BBD,2025-01-14,MARKDOWN->ACCUMULATION,MARKDOWN,ACCUMULATION,transition,MARKDOWN->ACCUMULATION
BBEU,2025-06-20,MARKDOWN->ACCUMULATION,MARKDOWN,ACCUMULATION,transition,MARKDOWN->ACCUMULATION
BBIO,2025-06-20,MARKDOWN->ACCUMULATION,MARKDOWN,ACCUMULATION,transition,MARKDOWN->ACCUMULATION
BBLB,2024-05-13,MARKDOWN->ACCUMULATION,MARKDOWN,ACCUMULATION,transition,MARKDOWN->ACCUMULATION
BBUC,2025-06-20,MARKDOWN->ACCUMULATION,MARKDOWN,ACCUMULATION,transition,MARKDOWN->ACCUMULATION
BBW,2024-12-05,MARKDOWN->ACCUMULATION,MARKDOWN,ACCUMULATION,transition,MARKDOWN->ACCUMULATION
BBY,2025-03-11,DISTRIBUTION->MARKDOWN,DISTRIBUTION,MARKDOWN,transition,DISTRIBUTION->MARKDOWN
BC,2024-06-25,MARKUP->DISTRIBUTION,MARKUP,DISTRIBUTION,transition,MARKUP->DISTRIBUTION
BCAB,2024-06-17,MARKUP->DISTRIBUTION,MARKUP,DISTRIBUTION,transition,MARKUP->DISTRIBUTION
BCAX,2024-12-16,MARKUP->DISTRIBUTION,MARKUP,DISTRIBUTION,transition,MARKUP->DISTRIBUTION
BCAX,2025-05-23,DISTRIBUTION->MARKDOWN,DISTRIBUTION,MARKDOWN,transition,DISTRIBUTION->MARKDOWN
BCAX,2025-06-03,MARKDOWN->ACCUMULATION,MARKDOWN,ACCUMULATION,transition,MARKDOWN->ACCUMULATION
BCDA,2024-06-21,MARKUP->DISTRIBUTION,MARKUP,DISTRIBUTION,transition,MARKUP->DISTRIBUTION
BCDF,2025-10-15,MARKUP->DISTRIBUTION,MARKUP,DISTRIBUTION,transition,MARKUP->DISTRIBUTION
BCE,2024-12-16,MARKUP->DISTRIBUTION,MARKUP,DISTRIBUTION,transition,MARKUP->DISTRIBUTION
BCG,2024-09-05,MARKUP->DISTRIBUTION,MARKUP,DISTRIBUTION,transition,MARKUP->DISTRIBUTION
BCH,2025-09-23,MARKUP->DISTRIBUTION,MARKUP,DISTRIBUTION,transition,MARKUP->DISTRIBUTION
BCRX,2024-05-15,MARKDOWN->ACCUMULATION,MARKDOWN,ACCUMULATION,transition,MARKDOWN->ACCUMULATION
BCS,2024-04-23,MARKDOWN->ACCUMULATION,MARKDOWN,ACCUMULATION,transition,MARKDOWN->ACCUMULATION
BCSF,2025-01-13,MARKDOWN->ACCUMULATION,MARKDOWN,ACCUMULATION,transition,MARKDOWN->ACCUMULATION
BDEC,2024-12-20,MARKDOWN->ACCUMULATION,MARKDOWN,ACCUMULATION,transition,MARKDOWN->ACCUMULATION
BDGS,2025-02-27,MARKUP->DISTRIBUTION,MARKUP,DISTRIBUTION,transition,MARKUP->DISTRIBUTION
BDIV,2025-07-31,ACCUMULATION->MARKUP,ACCUMULATION,MARKUP,transition,ACCUMULATION->MARKUP
BDL,2025-05-21,MARKUP->DISTRIBUTION,MARKUP,DISTRIBUTION,transition,MARKUP->DISTRIBUTION
BDMD,2025-01-13,ACCUMULATION->MARKUP,ACCUMULATION,MARKUP,transition,ACCUMULATION->MARKUP
BDSX,2025-09-15,ACCUMULATION->MARKUP,ACCUMULATION,MARKUP,transition,ACCUMULATION->MARKUP
BEAM,2025-07-09,MARKUP->DISTRIBUTION,MARKUP,DISTRIBUTION,transition,MARKUP->DISTRIBUTION
BEKE,2024-11-07,MARKUP->DISTRIBUTION,MARKUP,DISTRIBUTION,transition,MARKUP->DISTRIBUTION
BELFA,2025-06-11,MARKUP->DISTRIBUTION,MARKUP,DISTRIBUTION,transition,MARKUP->DISTRIBUTION
BEN,2024-06-07,MARKUP->DISTRIBUTION,MARKUP,DISTRIBUTION,transition,MARKUP->DISTRIBUTION
BEN,2024-06-21,MARKDOWN->ACCUMULATION,MARKDOWN,ACCUMULATION,transition,MARKDOWN->ACCUMULATION
BENF,2024-08-27,MARKUP->DISTRIBUTION,MARKUP,DISTRIBUTION,transition,MARKUP->DISTRIBUTION
BEPC,2025-10-21,MARKUP->DISTRIBUTION,MARKUP,DISTRIBUTION,transition,MARKUP->DISTRIBUTION
BETE,2025-07-16,MARKUP->DISTRIBUTION,MARKUP,DISTRIBUTION,transition,MARKUP->DISTRIBUTION
BETR,2025-01-15,MARKDOWN->ACCUMULATION,MARKDOWN,ACCUMULATION,transition,MARKDOWN->ACCUMULATION
BETZ,2025-04-07,MARKDOWN->ACCUMULATION,MARKDOWN,ACCUMULATION,transition,MARKDOWN->ACCUMULATION
BF.A,2024-05-22,MARKUP->DISTRIBUTION,MARKUP,DISTRIBUTION,transition,MARKUP->DISTRIBUTION
BF.B,2024-05-23,MARKUP->DISTRIBUTION,MARKUP,DISTRIBUTION,transition,MARKUP->DISTRIBUTION
BFAM,2024-03-14,ACCUMULATION->MARKUP,ACCUMULATION,MARKUP,transition,ACCUMULATION->MARKUP
BFAM,2024-04-03,MARKUP->DISTRIBUTION,MARKUP,DISTRIBUTION,transition,MARKUP->DISTRIBUTION
BFAM,2024-04-15,DISTRIBUTION->MARKDOWN,DISTRIBUTION,MARKDOWN,transition,DISTRIBUTION->MARKDOWN
BFAM,2025-04-07,MARKDOWN->ACCUMULATION,MARKDOWN,ACCUMULATION,transition,MARKDOWN->ACCUMULATION
BFH,2025-04-07,MARKDOWN->ACCUMULATION,MARKDOWN,ACCUMULATION,transition,MARKDOWN->ACCUMULATION
BFLY,2024-12-17,MARKUP->DISTRIBUTION,MARKUP,DISTRIBUTION,transition,MARKUP->DISTRIBUTION
BFRG,2024-07-03,MARKUP->DISTRIBUTION,MARKUP,DISTRIBUTION,transition,MARKUP->DISTRIBUTION
BFS,2024-06-28,MARKUP->DISTRIBUTION,MARKUP,DISTRIBUTION,transition,MARKUP->DISTRIBUTION
BG,2025-10-15,MARKUP->DISTRIBUTION,MARKUP,DISTRIBUTION,transition,MARKUP->DISTRIBUTION
BGC,2024-07-25,MARKUP->DISTRIBUTION,MARKUP,DISTRIBUTION,transition,MARKUP->DISTRIBUTION
BGI,2025-02-10,DISTRIBUTION->MARKDOWN,DISTRIBUTION,MARKDOWN,transition,DISTRIBUTION->MARKDOWN
BGRN,2025-02-24,MARKUP->DISTRIBUTION,MARKUP,DISTRIBUTION,transition,MARKUP->DISTRIBUTION
BGRO,2025-01-13,MARKDOWN->ACCUMULATION,MARKDOWN,ACCUMULATION,transition,MARKDOWN->ACCUMULATION
BGSF,2024-05-07,MARKUP->DISTRIBUTION,MARKUP,DISTRIBUTION,transition,MARKUP->DISTRIBUTION
BH,2025-06-09,MARKDOWN->ACCUMULATION,MARKDOWN,ACCUMULATION,transition,MARKDOWN->ACCUMULATION
BHC,2024-05-02,MARKUP->DISTRIBUTION,MARKUP,DISTRIBUTION,transition,MARKUP->DISTRIBUTION
BHE,2025-07-31,MARKDOWN->ACCUMULATION,MARKDOWN,ACCUMULATION,transition,MARKDOWN->ACCUMULATION
BHFAL,2025-07-11,MARKUP->DISTRIBUTION,MARKUP,DISTRIBUTION,transition,MARKUP->DISTRIBUTION
BHFAM,2025-07-09,MARKUP->DISTRIBUTION,MARKUP,DISTRIBUTION,transition,MARKUP->DISTRIBUTION
BHFAM,2025-07-21,DISTRIBUTION->MARKDOWN,DISTRIBUTION,MARKDOWN,transition,DISTRIBUTION->MARKDOWN
BHFAN,2025-07-11,MARKUP->DISTRIBUTION,MARKUP,DISTRIBUTION,transition,MARKUP->DISTRIBUTION
BHFAO,2025-07-10,MARKUP->DISTRIBUTION,MARKUP,DISTRIBUTION,transition,MARKUP->DISTRIBUTION
BHM,2025-01-13,MARKUP->DISTRIBUTION,MARKUP,DISTRIBUTION,transition,MARKUP->DISTRIBUTION
BHP,2024-11-26,MARKUP->DISTRIBUTION,MARKUP,DISTRIBUTION,transition,MARKUP->DISTRIBUTION
BHR,2025-05-27,MARKUP->DISTRIBUTION,MARKUP,DISTRIBUTION,transition,MARKUP->DISTRIBUTION
BHST,2025-08-07,MARKDOWN->ACCUMULATION,MARKDOWN,ACCUMULATION,transition,MARKDOWN->ACCUMULATION
BIIB,2024-11-13,MARKUP->DISTRIBUTION,MARKUP,DISTRIBUTION,transition,MARKUP->DISTRIBUTION
BIIB,2025-04-08,DISTRIBUTION->MARKDOWN,DISTRIBUTION,MARKDOWN,transition,DISTRIBUTION->MARKDOWN
BIIB,2025-08-01,MARKDOWN->ACCUMULATION,MARKDOWN,ACCUMULATION,transition,MARKDOWN->ACCUMULATION
BIL,2025-04-11,MARKDOWN->ACCUMULATION,MARKDOWN,ACCUMULATION,transition,MARKDOWN->ACCUMULATION
BILD,2024-11-08,MARKUP->DISTRIBUTION,MARKUP,DISTRIBUTION,transition,MARKUP->DISTRIBUTION
BILI,2025-09-11,MARKUP->DISTRIBUTION,MARKUP,DISTRIBUTION,transition,MARKUP->DISTRIBUTION
BILL,2024-06-04,MARKUP->DISTRIBUTION,MARKUP,DISTRIBUTION,transition,MARKUP->DISTRIBUTION
BILL,2025-04-07,DISTRIBUTION->MARKDOWN,DISTRIBUTION,MARKDOWN,transition,DISTRIBUTION->MARKDOWN
BILL,2025-06-18,MARKDOWN->ACCUMULATION,MARKDOWN,ACCUMULATION,transition,MARKDOWN->ACCUMULATION
BIO,2024-04-11,MARKUP->DISTRIBUTION,MARKUP,DISTRIBUTION,transition,MARKUP->DISTRIBUTION
BITC,2025-05-21,MARKUP->DISTRIBUTION,MARKUP,DISTRIBUTION,transition,MARKUP->DISTRIBUTION
BITF,2024-05-22,MARKDOWN->ACCUMULATION,MARKDOWN,ACCUMULATION,transition,MARKDOWN->ACCUMULATION
BITI,2024-11-07,ACCUMULATION->MARKUP,ACCUMULATION,MARKUP,transition,ACCUMULATION->MARKUP
BITI,2024-11-15,MARKUP->DISTRIBUTION,MARKUP,DISTRIBUTION,transition,MARKUP->DISTRIBUTION
BITO,2024-04-30,MARKUP->DISTRIBUTION,MARKUP,DISTRIBUTION,transition,MARKUP->DISTRIBUTION
BITU,2024-11-21,ACCUMULATION->MARKUP,ACCUMULATION,MARKUP,transition,ACCUMULATION->MARKUP
BIVI,2024-03-01,ACCUMULATION->MARKUP,ACCUMULATION,MARKUP,transition,ACCUMULATION->MARKUP
BIVI,2024-10-18,MARKDOWN->ACCUMULATION,MARKDOWN,ACCUMULATION,transition,MARKDOWN->ACCUMULATION
BJ,2024-05-23,MARKDOWN->ACCUMULATION,MARKDOWN,ACCUMULATION,transition,MARKDOWN->ACCUMULATION
BJRI,2025-10-31,MARKUP->DISTRIBUTION,MARKUP,DISTRIBUTION,transition,MARKUP->DISTRIBUTION
BJUN,2024-09-04,MARKUP->DISTRIBUTION,MARKUP,DISTRIBUTION,transition,MARKUP->DISTRIBUTION
BKCI,2024-04-22,MARKDOWN->ACCUMULATION,MARKDOWN,ACCUMULATION,transition,MARKDOWN->ACCUMULATION
BKD,2024-10-16,MARKDOWN->ACCUMULATION,MARKDOWN,ACCUMULATION,transition,MARKDOWN->ACCUMULATION
BKF,2024-10-14,MARKUP->DISTRIBUTION,MARKUP,DISTRIBUTION,transition,MARKUP->DISTRIBUTION
BKGI,2025-04-03,MARKUP->DISTRIBUTION,MARKUP,DISTRIBUTION,transition,MARKUP->DISTRIBUTION
BKU,2024-12-17,MARKUP->DISTRIBUTION,MARKUP,DISTRIBUTION,transition,MARKUP->DISTRIBUTION
BKUI,2025-04-08,MARKDOWN->ACCUMULATION,MARKDOWN,ACCUMULATION,transition,MARKDOWN->ACCUMULATION
BKV,2025-10-29,MARKDOWN->ACCUMULATION,MARKDOWN,ACCUMULATION,transition,MARKDOWN->ACCUMULATION
BLBD,2024-05-08,MARKDOWN->ACCUMULATION,MARKDOWN,ACCUMULATION,transition,MARKDOWN->ACCUMULATION
BLBD,2024-09-06,MARKUP->DISTRIBUTION,MARKUP,DISTRIBUTION,transition,MARKUP->DISTRIBUTION
BLCN,2025-04-22,MARKDOWN->ACCUMULATION,MARKDOWN,ACCUMULATION,transition,MARKDOWN->ACCUMULATION
BLDR,2024-06-03,MARKUP->DISTRIBUTION,MARKUP,DISTRIBUTION,transition,MARKUP->DISTRIBUTION
BLIN,2025-01-06,ACCUMULATION->MARKUP,ACCUMULATION,MARKUP,transition,ACCUMULATION->MARKUP
BLND,2025-08-01,MARKUP->DISTRIBUTION,MARKUP,DISTRIBUTION,transition,MARKUP->DISTRIBUTION
BLNK,2025-10-06,MARKUP->DISTRIBUTION,MARKUP,DISTRIBUTION,transition,MARKUP->DISTRIBUTION
BLRX,2025-09-10,MARKUP->DISTRIBUTION,MARKUP,DISTRIBUTION,transition,MARKUP->DISTRIBUTION
BLTE,2024-09-26,MARKDOWN->ACCUMULATION,MARKDOWN,ACCUMULATION,transition,MARKDOWN->ACCUMULATION
BLX,2025-10-27,MARKUP->DISTRIBUTION,MARKUP,DISTRIBUTION,transition,MARKUP->DISTRIBUTION
BMAY,2025-04-09,MARKDOWN->ACCUMULATION,MARKDOWN,ACCUMULATION,transition,MARKDOWN->ACCUMULATION
BMBL,2024-07-31,MARKUP->DISTRIBUTION,MARKUP,DISTRIBUTION,transition,MARKUP->DISTRIBUTION
BMDL,2025-03-03,MARKUP->DISTRIBUTION,MARKUP,DISTRIBUTION,transition,MARKUP->DISTRIBUTION
BMI,2024-07-19,MARKDOWN->ACCUMULATION,MARKDOWN,ACCUMULATION,transition,MARKDOWN->ACCUMULATION
BMO,2025-04-09,MARKDOWN->ACCUMULATION,MARKDOWN,ACCUMULATION,transition,MARKDOWN->ACCUMULATION
BMR,2025-06-11,MARKUP->DISTRIBUTION,MARKUP,DISTRIBUTION,transition,MARKUP->DISTRIBUTION
BMRA,2025-04-21,ACCUMULATION->MARKUP,ACCUMULATION,MARKUP,transition,ACCUMULATION->MARKUP
BMRA,2025-05-28,MARKUP->DISTRIBUTION,MARKUP,DISTRIBUTION,transition,MARKUP->DISTRIBUTION
BMRN,2024-11-14,MARKUP->DISTRIBUTION,MARKUP,DISTRIBUTION,transition,MARKUP->DISTRIBUTION
BMVP,2024-12-09,MARKUP->DISTRIBUTION,MARKUP,DISTRIBUTION,transition,MARKUP->DISTRIBUTION
BN,2025-09-23,MARKUP->DISTRIBUTION,MARKUP,DISTRIBUTION,transition,MARKUP->DISTRIBUTION
BNAI,2024-12-17,MARKUP->DISTRIBUTION,MARKUP,DISTRIBUTION,transition,MARKUP->DISTRIBUTION
BND,2025-04-09,MARKDOWN->ACCUMULATION,MARKDOWN,ACCUMULATION,transition,MARKDOWN->ACCUMULATION
BNDI,2025-04-04,MARKUP->DISTRIBUTION,MARKUP,DISTRIBUTION,transition,MARKUP->DISTRIBUTION
BNDW,2025-10-16,MARKUP->DISTRIBUTION,MARKUP,DISTRIBUTION,transition,MARKUP->DISTRIBUTION
BNGO,2025-01-27,ACCUMULATION->MARKUP,ACCUMULATION,MARKUP,transition,ACCUMULATION->MARKUP
BNGO,2025-02-26,MARKUP->DISTRIBUTION,MARKUP,DISTRIBUTION,transition,MARKUP->DISTRIBUTION
BNOV,2024-08-05,MARKDOWN->ACCUMULATION,MARKDOWN,ACCUMULATION,transition,MARKDOWN->ACCUMULATION
BNRG,2025-05-23,DISTRIBUTION->MARKDOWN,DISTRIBUTION,MARKDOWN,transition,DISTRIBUTION->MARKDOWN
BNS,2025-02-03,MARKDOWN->ACCUMULATION,MARKDOWN,ACCUMULATION,transition,MARKDOWN->ACCUMULATION
BNT,2025-03-06,MARKUP->DISTRIBUTION,MARKUP,DISTRIBUTION,transition,MARKUP->DISTRIBUTION
BNZI,2024-10-03,MARKUP->DISTRIBUTION,MARKUP,DISTRIBUTION,transition,MARKUP->DISTRIBUTION
BOC,2024-05-13,MARKUP->DISTRIBUTION,MARKUP,DISTRIBUTION,transition,MARKUP->DISTRIBUTION
BOCT,2024-12-20,MARKDOWN->ACCUMULATION,MARKDOWN,ACCUMULATION,transition,MARKDOWN->ACCUMULATION
BODI,2024-09-04,MARKUP->DISTRIBUTION,MARKUP,DISTRIBUTION,transition,MARKUP->DISTRIBUTION
BOF,2025-10-21,MARKUP->DISTRIBUTION,MARKUP,DISTRIBUTION,transition,MARKUP->DISTRIBUTION
BOH,2024-11-06,ACCUMULATION->MARKUP,ACCUMULATION,MARKUP,transition,ACCUMULATION->MARKUP
BOH,2024-12-05,MARKUP->DISTRIBUTION,MARKUP,DISTRIBUTION,transition,MARKUP->DISTRIBUTION
BOLD,2025-03-25,MARKUP->DISTRIBUTION,MARKUP,DISTRIBUTION,transition,MARKUP->DISTRIBUTION
BOLT,2025-10-07,MARKUP->DISTRIBUTION,MARKUP,DISTRIBUTION,transition,MARKUP->DISTRIBUTION
BON,2024-04-10,MARKDOWN->ACCUMULATION,MARKDOWN,ACCUMULATION,transition,MARKDOWN->ACCUMULATION
BON,2024-06-05,MARKUP->DISTRIBUTION,MARKUP,DISTRIBUTION,transition,MARKUP->DISTRIBUTION
BOOM,2024-11-08,MARKUP->DISTRIBUTION,MARKUP,DISTRIBUTION,transition,MARKUP->DISTRIBUTION
BORR,2024-10-25,MARKUP->DISTRIBUTION,MARKUP,DISTRIBUTION,transition,MARKUP->DISTRIBUTION
BOW,2025-04-04,MARKUP->DISTRIBUTION,MARKUP,DISTRIBUTION,transition,MARKUP->DISTRIBUTION
BOX,2024-08-28,MARKDOWN->ACCUMULATION,MARKDOWN,ACCUMULATION,transition,MARKDOWN->ACCUMULATION
BOXL,2025-08-11,MARKUP->DISTRIBUTION,MARKUP,DISTRIBUTION,transition,MARKUP->DISTRIBUTION
BP,2024-09-10,DISTRIBUTION->MARKDOWN,DISTRIBUTION,MARKDOWN,transition,DISTRIBUTION->MARKDOWN
BP,2024-09-27,MARKDOWN->ACCUMULATION,MARKDOWN,ACCUMULATION,transition,MARKDOWN->ACCUMULATION
BPYPM,2024-11-29,MARKUP->DISTRIBUTION,MARKUP,DISTRIBUTION,transition,MARKUP->DISTRIBUTION
BPYPO,2025-03-31,MARKDOWN->ACCUMULATION,MARKDOWN,ACCUMULATION,transition,MARKDOWN->ACCUMULATION
BQ,2025-05-13,MARKUP->DISTRIBUTION,MARKUP,DISTRIBUTION,transition,MARKUP->DISTRIBUTION
BRAG,2024-09-17,MARKUP->DISTRIBUTION,MARKUP,DISTRIBUTION,transition,MARKUP->DISTRIBUTION
BRFH,2024-09-12,MARKDOWN->ACCUMULATION,MARKDOWN,ACCUMULATION,transition,MARKDOWN->ACCUMULATION
BRHY,2024-12-04,MARKUP->DISTRIBUTION,MARKUP,DISTRIBUTION,transition,MARKUP->DISTRIBUTION
BRK.B,2024-08-28,MARKDOWN->ACCUMULATION,MARKDOWN,ACCUMULATION,transition,MARKDOWN->ACCUMULATION
BRK.B,2025-03-31,ACCUMULATION->MARKUP,ACCUMULATION,MARKUP,transition,ACCUMULATION->MARKUP
BRKU,2025-03-31,ACCUMULATION->MARKUP,ACCUMULATION,MARKUP,transition,ACCUMULATION->MARKUP
BRKU,2025-08-04,DISTRIBUTION->MARKDOWN,DISTRIBUTION,MARKDOWN,transition,DISTRIBUTION->MARKDOWN
BRLS,2024-08-28,MARKDOWN->ACCUMULATION,MARKDOWN,ACCUMULATION,transition,MARKDOWN->ACCUMULATION
BRLT,2024-05-20,MARKUP->DISTRIBUTION,MARKUP,DISTRIBUTION,transition,MARKUP->DISTRIBUTION
BRN,2025-02-28,MARKUP->DISTRIBUTION,MARKUP,DISTRIBUTION,transition,MARKUP->DISTRIBUTION
BROS,2025-03-03,MARKUP->DISTRIBUTION,MARKUP,DISTRIBUTION,transition,MARKUP->DISTRIBUTION
BRSP,2024-08-01,MARKUP->DISTRIBUTION,MARKUP,DISTRIBUTION,transition,MARKUP->DISTRIBUTION
BRSP,2025-04-07,DISTRIBUTION->MARKDOWN,DISTRIBUTION,MARKDOWN,transition,DISTRIBUTION->MARKDOWN
BRSP,2025-07-08,MARKDOWN->ACCUMULATION,MARKDOWN,ACCUMULATION,transition,MARKDOWN->ACCUMULATION
BRX,2025-07-29,MARKUP->DISTRIBUTION,MARKUP,DISTRIBUTION,transition,MARKUP->DISTRIBUTION
BRZE,2024-05-30,MARKUP->DISTRIBUTION,MARKUP,DISTRIBUTION,transition,MARKUP->DISTRIBUTION
BSBK,2025-06-26,MARKUP->DISTRIBUTION,MARKUP,DISTRIBUTION,transition,MARKUP->DISTRIBUTION
BSET,2025-04-03,MARKDOWN->ACCUMULATION,MARKDOWN,ACCUMULATION,transition,MARKDOWN->ACCUMULATION
BSJQ,2025-06-25,MARKUP->DISTRIBUTION,MARKUP,DISTRIBUTION,transition,MARKUP->DISTRIBUTION
BSJU,2025-10-14,MARKDOWN->ACCUMULATION,MARKDOWN,ACCUMULATION,transition,MARKDOWN->ACCUMULATION
BSJW,2025-08-18,MARKDOWN->ACCUMULATION,MARKDOWN,ACCUMULATION,transition,MARKDOWN->ACCUMULATION
BSRR,2024-07-11,MARKDOWN->ACCUMULATION,MARKDOWN,ACCUMULATION,transition,MARKDOWN->ACCUMULATION
BSRR,2024-11-06,ACCUMULATION->MARKUP,ACCUMULATION,MARKUP,transition,ACCUMULATION->MARKUP
BSVN,2024-07-11,MARKDOWN->ACCUMULATION,MARKDOWN,ACCUMULATION,transition,MARKDOWN->ACCUMULATION
BSX,2024-12-20,MARKDOWN->ACCUMULATION,MARKDOWN,ACCUMULATION,transition,MARKDOWN->ACCUMULATION
BSX,2025-02-03,ACCUMULATION->MARKUP,ACCUMULATION,MARKUP,transition,ACCUMULATION->MARKUP
BSX,2025-03-06,MARKUP->DISTRIBUTION,MARKUP,DISTRIBUTION,transition,MARKUP->DISTRIBUTION
BSY,2025-10-02,MARKUP->DISTRIBUTION,MARKUP,DISTRIBUTION,transition,MARKUP->DISTRIBUTION
BTAL,2025-08-19,MARKDOWN->ACCUMULATION,MARKDOWN,ACCUMULATION,transition,MARKDOWN->ACCUMULATION
BTBT,2025-05-16,MARKDOWN->ACCUMULATION,MARKDOWN,ACCUMULATION,transition,MARKDOWN->ACCUMULATION
BTCI,2025-06-23,MARKDOWN->ACCUMULATION,MARKDOWN,ACCUMULATION,transition,MARKDOWN->ACCUMULATION
BTCT,2024-11-12,ACCUMULATION->MARKUP,ACCUMULATION,MARKUP,transition,ACCUMULATION->MARKUP
BTCT,2024-12-06,MARKUP->DISTRIBUTION,MARKUP,DISTRIBUTION,transition,MARKUP->DISTRIBUTION
BTCZ,2024-12-13,MARKUP->DISTRIBUTION,MARKUP,DISTRIBUTION,transition,MARKUP->DISTRIBUTION
BTDR,2025-10-03,MARKUP->DISTRIBUTION,MARKUP,DISTRIBUTION,transition,MARKUP->DISTRIBUTION
BTG,2025-07-08,ACCUMULATION->MARKUP,ACCUMULATION,MARKUP,transition,ACCUMULATION->MARKUP
BTI,2024-08-05,MARKDOWN->ACCUMULATION,MARKDOWN,ACCUMULATION,transition,MARKDOWN->ACCUMULATION
BTMD,2024-11-13,MARKUP->DISTRIBUTION,MARKUP,DISTRIBUTION,transition,MARKUP->DISTRIBUTION
BTMD,2025-03-13,DISTRIBUTION->MARKDOWN,DISTRIBUTION,MARKDOWN,transition,DISTRIBUTION->MARKDOWN
BTOC,2025-03-03,MARKUP->DISTRIBUTION,MARKUP,DISTRIBUTION,transition,MARKUP->DISTRIBUTION
BTOG,2024-12-10,MARKUP->DISTRIBUTION,MARKUP,DISTRIBUTION,transition,MARKUP->DISTRIBUTION
BUD,2025-04-09,MARKDOWN->ACCUMULATION,MARKDOWN,ACCUMULATION,transition,MARKDOWN->ACCUMULATION
BUFB,2024-08-06,MARKDOWN->ACCUMULATION,MARKDOWN,ACCUMULATION,transition,MARKDOWN->ACCUMULATION
BUFC,2024-08-02,MARKDOWN->ACCUMULATION,MARKDOWN,ACCUMULATION,transition,MARKDOWN->ACCUMULATION
BUFS,2025-01-07,MARKUP->DISTRIBUTION,MARKUP,DISTRIBUTION,transition,MARKUP->DISTRIBUTION
BUL,2025-03-07,MARKDOWN->ACCUMULATION,MARKDOWN,ACCUMULATION,transition,MARKDOWN->ACCUMULATION
BURL,2024-05-29,MARKDOWN->ACCUMULATION,MARKDOWN,ACCUMULATION,transition,MARKDOWN->ACCUMULATION
BURU,2024-08-29,MARKUP->DISTRIBUTION,MARKUP,DISTRIBUTION,transition,MARKUP->DISTRIBUTION
BUSE,2024-10-23,MARKUP->DISTRIBUTION,MARKUP,DISTRIBUTION,transition,MARKUP->DISTRIBUTION
BUYW,2024-12-18,MARKUP->DISTRIBUTION,MARKUP,DISTRIBUTION,transition,MARKUP->DISTRIBUTION
BUZZ,2025-04-07,MARKDOWN->ACCUMULATION,MARKDOWN,ACCUMULATION,transition,MARKDOWN->ACCUMULATION
BVS,2025-03-11,MARKUP->DISTRIBUTION,MARKUP,DISTRIBUTION,transition,MARKUP->DISTRIBUTION
BWBBP,2024-11-25,MARKDOWN->ACCUMULATION,MARKDOWN,ACCUMULATION,transition,MARKDOWN->ACCUMULATION
BWEN,2024-08-07,MARKUP->DISTRIBUTION,MARKUP,DISTRIBUTION,transition,MARKUP->DISTRIBUTION
BWEN,2024-11-06,DISTRIBUTION->MARKDOWN,DISTRIBUTION,MARKDOWN,transition,DISTRIBUTION->MARKDOWN
BWEN,2024-12-02,MARKDOWN->ACCUMULATION,MARKDOWN,ACCUMULATION,transition,MARKDOWN->ACCUMULATION
BWIN,2024-09-20,ACCUMULATION->MARKUP,ACCUMULATION,MARKUP,transition,ACCUMULATION->MARKUP
BWIN,2024-11-01,MARKUP->DISTRIBUTION,MARKUP,DISTRIBUTION,transition,MARKUP->DISTRIBUTION
BWIN,2025-08-06,DISTRIBUTION->MARKDOWN,DISTRIBUTION,MARKDOWN,transition,DISTRIBUTION->MARKDOWN
BWLP,2024-10-21,MARKUP->DISTRIBUTION,MARKUP,DISTRIBUTION,transition,MARKUP->DISTRIBUTION
BWMN,2024-03-25,MARKUP->DISTRIBUTION,MARKUP,DISTRIBUTION,transition,MARKUP->DISTRIBUTION
BWMX,2024-06-18,MARKUP->DISTRIBUTION,MARKUP,DISTRIBUTION,transition,MARKUP->DISTRIBUTION
BWTG,2025-09-02,MARKDOWN->ACCUMULATION,MARKDOWN,ACCUMULATION,transition,MARKDOWN->ACCUMULATION
BXC,2025-02-21,MARKUP->DISTRIBUTION,MARKUP,DISTRIBUTION,transition,MARKUP->DISTRIBUTION
BXMT,2024-12-31,MARKDOWN->ACCUMULATION,MARKDOWN,ACCUMULATION,transition,MARKDOWN->ACCUMULATION
BYRN,2025-10-09,MARKUP->DISTRIBUTION,MARKUP,DISTRIBUTION,transition,MARKUP->DISTRIBUTION
BYSI,2024-04-05,MARKUP->DISTRIBUTION,MARKUP,DISTRIBUTION,transition,MARKUP->DISTRIBUTION
BZFD,2024-06-05,MARKUP->DISTRIBUTION,MARKUP,DISTRIBUTION,transition,MARKUP->DISTRIBUTION
BZH,2025-04-04,DISTRIBUTION->MARKDOWN,DISTRIBUTION,MARKDOWN,transition,DISTRIBUTION->MARKDOWN
BZH,2025-08-01,MARKDOWN->ACCUMULATION,MARKDOWN,ACCUMULATION,transition,MARKDOWN->ACCUMULATION
BZQ,2024-06-12,MARKDOWN->ACCUMULATION,MARKDOWN,ACCUMULATION,transition,MARKDOWN->ACCUMULATION
C,2025-08-07,MARKUP->DISTRIBUTION,MARKUP,DISTRIBUTION,transition,MARKUP->DISTRIBUTION
CA,2024-08-05,MARKDOWN->ACCUMULATION,MARKDOWN,ACCUMULATION,transition,MARKDOWN->ACCUMULATION
CAAS,2024-10-04,MARKUP->DISTRIBUTION,MARKUP,DISTRIBUTION,transition,MARKUP->DISTRIBUTION
CABA,2024-10-30,MARKUP->DISTRIBUTION,MARKUP,DISTRIBUTION,transition,MARKUP->DISTRIBUTION
CABO,2024-04-03,MARKUP->DISTRIBUTION,MARKUP,DISTRIBUTION,transition,MARKUP->DISTRIBUTION
CAC,2024-11-14,MARKUP->DISTRIBUTION,MARKUP,DISTRIBUTION,transition,MARKUP->DISTRIBUTION
CACC,2024-04-29,MARKUP->DISTRIBUTION,MARKUP,DISTRIBUTION,transition,MARKUP->DISTRIBUTION
CACI,2024-08-08,MARKDOWN->ACCUMULATION,MARKDOWN,ACCUMULATION,transition,MARKDOWN->ACCUMULATION
CADE,2024-11-06,ACCUMULATION->MARKUP,ACCUMULATION,MARKUP,transition,ACCUMULATION->MARKUP
CADE,2024-12-17,MARKUP->DISTRIBUTION,MARKUP,DISTRIBUTION,transition,MARKUP->DISTRIBUTION
CADL,2024-11-22,MARKDOWN->ACCUMULATION,MARKDOWN,ACCUMULATION,transition,MARKDOWN->ACCUMULATION
CAE,2025-02-14,MARKDOWN->ACCUMULATION,MARKDOWN,ACCUMULATION,transition,MARKDOWN->ACCUMULATION
CAFG,2025-10-16,MARKDOWN->ACCUMULATION,MARKDOWN,ACCUMULATION,transition,MARKDOWN->ACCUMULATION
CAG,2025-03-07,MARKUP->DISTRIBUTION,MARKUP,DISTRIBUTION,transition,MARKUP->DISTRIBUTION
CAH,2025-08-12,MARKDOWN->ACCUMULATION,MARKDOWN,ACCUMULATION,transition,MARKDOWN->ACCUMULATION
CAKE,2025-07-30,MARKUP->DISTRIBUTION,MARKUP,DISTRIBUTION,transition,MARKUP->DISTRIBUTION
CAL,2025-02-26,MARKUP->DISTRIBUTION,MARKUP,DISTRIBUTION,transition,MARKUP->DISTRIBUTION
CAL,2025-09-04,MARKDOWN->ACCUMULATION,MARKDOWN,ACCUMULATION,transition,MARKDOWN->ACCUMULATION
CALF,2024-07-16,MARKUP->DISTRIBUTION,MARKUP,DISTRIBUTION,transition,MARKUP->DISTRIBUTION
CALF,2025-02-21,DISTRIBUTION->MARKDOWN,DISTRIBUTION,MARKDOWN,transition,DISTRIBUTION->MARKDOWN
CALF,2025-08-12,MARKDOWN->ACCUMULATION,MARKDOWN,ACCUMULATION,transition,MARKDOWN->ACCUMULATION
CALX,2024-11-19,MARKDOWN->ACCUMULATION,MARKDOWN,ACCUMULATION,transition,MARKDOWN->ACCUMULATION
CAMP,2024-11-14,MARKUP->DISTRIBUTION,MARKUP,DISTRIBUTION,transition,MARKUP->DISTRIBUTION
CAMX,2025-07-28,MARKUP->DISTRIBUTION,MARKUP,DISTRIBUTION,transition,MARKUP->DISTRIBUTION
CAN,2025-10-20,MARKUP->DISTRIBUTION,MARKUP,DISTRIBUTION,transition,MARKUP->DISTRIBUTION
CANC,2024-04-15,MARKUP->DISTRIBUTION,MARKUP,DISTRIBUTION,transition,MARKUP->DISTRIBUTION
CANF,2025-03-18,MARKUP->DISTRIBUTION,MARKUP,DISTRIBUTION,transition,MARKUP->DISTRIBUTION
CANG,2024-09-20,MARKDOWN->ACCUMULATION,MARKDOWN,ACCUMULATION,transition,MARKDOWN->ACCUMULATION
CAPE,2025-01-23,MARKDOWN->ACCUMULATION,MARKDOWN,ACCUMULATION,transition,MARKDOWN->ACCUMULATION
CAPT,2025-05-27,DISTRIBUTION->MARKDOWN,DISTRIBUTION,MARKDOWN,transition,DISTRIBUTION->MARKDOWN
CAR,2025-03-27,MARKDOWN->ACCUMULATION,MARKDOWN,ACCUMULATION,transition,MARKDOWN->ACCUMULATION
CARS,2025-08-07,MARKDOWN->ACCUMULATION,MARKDOWN,ACCUMULATION,transition,MARKDOWN->ACCUMULATION
CARZ,2024-07-03,MARKDOWN->ACCUMULATION,MARKDOWN,ACCUMULATION,transition,MARKDOWN->ACCUMULATION
CASI,2024-04-11,MARKUP->DISTRIBUTION,MARKUP,DISTRIBUTION,transition,MARKUP->DISTRIBUTION
CASY,2025-03-12,MARKDOWN->ACCUMULATION,MARKDOWN,ACCUMULATION,transition,MARKDOWN->ACCUMULATION
CATO,2024-09-06,MARKUP->DISTRIBUTION,MARKUP,DISTRIBUTION,transition,MARKUP->DISTRIBUTION
CATX,2024-11-20,MARKUP->DISTRIBUTION,MARKUP,DISTRIBUTION,transition,MARKUP->DISTRIBUTION
CAVA,2024-06-20,MARKUP->DISTRIBUTION,MARKUP,DISTRIBUTION,transition,MARKUP->DISTRIBUTION
CBAN,2024-07-23,MARKDOWN->ACCUMULATION,MARKDOWN,ACCUMULATION,transition,MARKDOWN->ACCUMULATION
CBAN,2024-11-06,ACCUMULATION->MARKUP,ACCUMULATION,MARKUP,transition,ACCUMULATION->MARKUP
CBAT,2025-04-29,MARKDOWN->ACCUMULATION,MARKDOWN,ACCUMULATION,transition,MARKDOWN->ACCUMULATION
CBLL,2025-01-02,MARKUP->DISTRIBUTION,MARKUP,DISTRIBUTION,transition,MARKUP->DISTRIBUTION
CBLS,2024-07-24,MARKUP->DISTRIBUTION,MARKUP,DISTRIBUTION,transition,MARKUP->DISTRIBUTION
CBNK,2024-11-05,MARKDOWN->ACCUMULATION,MARKDOWN,ACCUMULATION,transition,MARKDOWN->ACCUMULATION
CBON,2025-08-29,ACCUMULATION->MARKUP,ACCUMULATION,MARKUP,transition,ACCUMULATION->MARKUP
CBON,2025-09-09,MARKUP->DISTRIBUTION,MARKUP,DISTRIBUTION,transition,MARKUP->DISTRIBUTION
CBRE,2025-04-09,MARKDOWN->ACCUMULATION,MARKDOWN,ACCUMULATION,transition,MARKDOWN->ACCUMULATION
CBRL,2024-04-09,MARKUP->DISTRIBUTION,MARKUP,DISTRIBUTION,transition,MARKUP->DISTRIBUTION
CBSE,2024-06-10,MARKDOWN->ACCUMULATION,MARKDOWN,ACCUMULATION,transition,MARKDOWN->ACCUMULATION
CBSH,2024-12-17,MARKUP->DISTRIBUTION,MARKUP,DISTRIBUTION,transition,MARKUP->DISTRIBUTION
CBT,2025-04-07,MARKUP->DISTRIBUTION,MARKUP,DISTRIBUTION,transition,MARKUP->DISTRIBUTION
CBU,2024-07-11,MARKDOWN->ACCUMULATION,MARKDOWN,ACCUMULATION,transition,MARKDOWN->ACCUMULATION
CC,2025-06-03,MARKDOWN->ACCUMULATION,MARKDOWN,ACCUMULATION,transition,MARKDOWN->ACCUMULATION
CCAP,2024-07-16,MARKUP->DISTRIBUTION,MARKUP,DISTRIBUTION,transition,MARKUP->DISTRIBUTION
CCB,2025-07-11,MARKUP->DISTRIBUTION,MARKUP,DISTRIBUTION,transition,MARKUP->DISTRIBUTION
CCBG,2024-07-16,MARKDOWN->ACCUMULATION,MARKDOWN,ACCUMULATION,transition,MARKDOWN->ACCUMULATION
CCCC,2024-12-27,MARKUP->DISTRIBUTION,MARKUP,DISTRIBUTION,transition,MARKUP->DISTRIBUTION
CCD,2025-03-06,MARKUP->DISTRIBUTION,MARKUP,DISTRIBUTION,transition,MARKUP->DISTRIBUTION
CCEL,2025-02-07,MARKUP->DISTRIBUTION,MARKUP,DISTRIBUTION,transition,MARKUP->DISTRIBUTION
CCG,2024-05-20,MARKUP->DISTRIBUTION,MARKUP,DISTRIBUTION,transition,MARKUP->DISTRIBUTION
CCNE,2024-07-31,MARKUP->DISTRIBUTION,MARKUP,DISTRIBUTION,transition,MARKUP->DISTRIBUTION
CCOR,2024-07-22,MARKDOWN->ACCUMULATION,MARKDOWN,ACCUMULATION,transition,MARKDOWN->ACCUMULATION
CCOR,2025-04-23,MARKUP->DISTRIBUTION,MARKUP,DISTRIBUTION,transition,MARKUP->DISTRIBUTION
CCRN,2024-05-20,MARKUP->DISTRIBUTION,MARKUP,DISTRIBUTION,transition,MARKUP->DISTRIBUTION
CCRN,2024-11-08,DISTRIBUTION->MARKDOWN,DISTRIBUTION,MARKDOWN,transition,DISTRIBUTION->MARKDOWN
CCTG,2025-05-02,MARKUP->DISTRIBUTION,MARKUP,DISTRIBUTION,transition,MARKUP->DISTRIBUTION
CCU,2025-02-26,MARKDOWN->ACCUMULATION,MARKDOWN,ACCUMULATION,transition,MARKDOWN->ACCUMULATION
CDL,2025-03-07,MARKUP->DISTRIBUTION,MARKUP,DISTRIBUTION,transition,MARKUP->DISTRIBUTION
CDLX,2024-08-07,MARKUP->DISTRIBUTION,MARKUP,DISTRIBUTION,transition,MARKUP->DISTRIBUTION
CDNS,2024-06-17,MARKDOWN->ACCUMULATION,MARKDOWN,ACCUMULATION,transition,MARKDOWN->ACCUMULATION
CDRE,2025-08-11,DISTRIBUTION->MARKDOWN,DISTRIBUTION,MARKDOWN,transition,DISTRIBUTION->MARKDOWN
CDT,2024-06-24,MARKUP->DISTRIBUTION,MARKUP,DISTRIBUTION,transition,MARKUP->DISTRIBUTION
CDW,2025-08-06,MARKDOWN->ACCUMULATION,MARKDOWN,ACCUMULATION,transition,MARKDOWN->ACCUMULATION
CE,2024-06-12,MARKUP->DISTRIBUTION,MARKUP,DISTRIBUTION,transition,MARKUP->DISTRIBUTION
CECO,2025-07-28,MARKDOWN->ACCUMULATION,MARKDOWN,ACCUMULATION,transition,MARKDOWN->ACCUMULATION
CECO,2025-08-19,MARKUP->DISTRIBUTION,MARKUP,DISTRIBUTION,transition,MARKUP->DISTRIBUTION
CEG,2024-05-03,MARKDOWN->ACCUMULATION,MARKDOWN,ACCUMULATION,transition,MARKDOWN->ACCUMULATION
CEGX,2025-10-20,MARKUP->DISTRIBUTION,MARKUP,DISTRIBUTION,transition,MARKUP->DISTRIBUTION
CELU,2024-05-10,MARKUP->DISTRIBUTION,MARKUP,DISTRIBUTION,transition,MARKUP->DISTRIBUTION
CELZ,2025-10-24,MARKUP->DISTRIBUTION,MARKUP,DISTRIBUTION,transition,MARKUP->DISTRIBUTION
CEMB,2025-10-14,MARKDOWN->ACCUMULATION,MARKDOWN,ACCUMULATION,transition,MARKDOWN->ACCUMULATION
CENN,2024-12-12,MARKUP->DISTRIBUTION,MARKUP,DISTRIBUTION,transition,MARKUP->DISTRIBUTION
CENT,2024-05-09,ACCUMULATION->MARKUP,ACCUMULATION,MARKUP,transition,ACCUMULATION->MARKUP
CENT,2024-12-02,MARKDOWN->ACCUMULATION,MARKDOWN,ACCUMULATION,transition,MARKDOWN->ACCUMULATION
CENTA,2024-10-01,MARKUP->DISTRIBUTION,MARKUP,DISTRIBUTION,transition,MARKUP->DISTRIBUTION
CERS,2024-03-21,MARKUP->DISTRIBUTION,MARKUP,DISTRIBUTION,transition,MARKUP->DISTRIBUTION
CERT,2024-06-17,MARKUP->DISTRIBUTION,MARKUP,DISTRIBUTION,transition,MARKUP->DISTRIBUTION
CERT,2025-08-07,MARKDOWN->ACCUMULATION,MARKDOWN,ACCUMULATION,transition,MARKDOWN->ACCUMULATION
CETX,2024-04-22,MARKUP->DISTRIBUTION,MARKUP,DISTRIBUTION,transition,MARKUP->DISTRIBUTION
CETY,2025-05-27,MARKUP->DISTRIBUTION,MARKUP,DISTRIBUTION,transition,MARKUP->DISTRIBUTION
CEW,2024-12-23,MARKUP->DISTRIBUTION,MARKUP,DISTRIBUTION,transition,MARKUP->DISTRIBUTION
CFA,2024-08-21,MARKDOWN->ACCUMULATION,MARKDOWN,ACCUMULATION,transition,MARKDOWN->ACCUMULATION
CFFN,2024-07-16,MARKDOWN->ACCUMULATION,MARKDOWN,ACCUMULATION,transition,MARKDOWN->ACCUMULATION
CFG,2025-03-04,MARKDOWN->ACCUMULATION,MARKDOWN,ACCUMULATION,transition,MARKDOWN->ACCUMULATION
CG,2024-04-29,MARKUP->DISTRIBUTION,MARKUP,DISTRIBUTION,transition,MARKUP->DISTRIBUTION
CGABL,2024-05-21,MARKUP->DISTRIBUTION,MARKUP,DISTRIBUTION,transition,MARKUP->DISTRIBUTION
CGC,2025-01-10,MARKUP->DISTRIBUTION,MARKUP,DISTRIBUTION,transition,MARKUP->DISTRIBUTION
CGEM,2024-11-18,MARKUP->DISTRIBUTION,MARKUP,DISTRIBUTION,transition,MARKUP->DISTRIBUTION
CGEN,2025-09-22,MARKDOWN->ACCUMULATION,MARKDOWN,ACCUMULATION,transition,MARKDOWN->ACCUMULATION
CGMS,2025-06-24,MARKUP->DISTRIBUTION,MARKUP,DISTRIBUTION,transition,MARKUP->DISTRIBUTION
CGNG,2024-12-20,MARKDOWN->ACCUMULATION,MARKDOWN,ACCUMULATION,transition,MARKDOWN->ACCUMULATION
CGNT,2025-02-14,MARKUP->DISTRIBUTION,MARKUP,DISTRIBUTION,transition,MARKUP->DISTRIBUTION
CGNX,2025-07-31,MARKUP->DISTRIBUTION,MARKUP,DISTRIBUTION,transition,MARKUP->DISTRIBUTION
CGRO,2025-01-08,MARKDOWN->ACCUMULATION,MARKDOWN,ACCUMULATION,transition,MARKDOWN->ACCUMULATION
CGRO,2025-10-09,MARKUP->DISTRIBUTION,MARKUP,DISTRIBUTION,transition,MARKUP->DISTRIBUTION
CGTX,2024-08-06,MARKUP->DISTRIBUTION,MARKUP,DISTRIBUTION,transition,MARKUP->DISTRIBUTION
CGXU,2025-03-04,MARKUP->DISTRIBUTION,MARKUP,DISTRIBUTION,transition,MARKUP->DISTRIBUTION
CHDN,2025-04-24,DISTRIBUTION->MARKDOWN,DISTRIBUTION,MARKDOWN,transition,DISTRIBUTION->MARKDOWN
CHE,2025-06-30,MARKUP->DISTRIBUTION,MARKUP,DISTRIBUTION,transition,MARKUP->DISTRIBUTION
CHGG,2024-09-05,MARKUP->DISTRIBUTION,MARKUP,DISTRIBUTION,transition,MARKUP->DISTRIBUTION
CHKP,2024-10-08,MARKDOWN->ACCUMULATION,MARKDOWN,ACCUMULATION,transition,MARKDOWN->ACCUMULATION
CHKP,2025-04-04,MARKUP->DISTRIBUTION,MARKUP,DISTRIBUTION,transition,MARKUP->DISTRIBUTION
CHMG,2024-11-06,MARKDOWN->ACCUMULATION,MARKDOWN,ACCUMULATION,transition,MARKDOWN->ACCUMULATION
CHMI,2024-11-11,MARKUP->DISTRIBUTION,MARKUP,DISTRIBUTION,transition,MARKUP->DISTRIBUTION
CHMI,2025-07-17,MARKDOWN->ACCUMULATION,MARKDOWN,ACCUMULATION,transition,MARKDOWN->ACCUMULATION
CHNR,2024-06-14,MARKUP->DISTRIBUTION,MARKUP,DISTRIBUTION,transition,MARKUP->DISTRIBUTION
CHR,2025-02-25,MARKUP->DISTRIBUTION,MARKUP,DISTRIBUTION,transition,MARKUP->DISTRIBUTION
CHRD,2025-02-05,MARKUP->DISTRIBUTION,MARKUP,DISTRIBUTION,transition,MARKUP->DISTRIBUTION
CHRS,2024-06-14,MARKUP->DISTRIBUTION,MARKUP,DISTRIBUTION,transition,MARKUP->DISTRIBUTION
